PAGE_NAME,IS_MOBILE,RAW_TRAFFIC,RAW_TRAFFIC_WITH_CALL,CALL_TO_TRAFFIC_RATIO
main>account>subpage10>subsubpage_c,MOB,70,29,0.4142857142857143
main>account>subpage10>subsubpage_e,MOB,20,4,0.2
main>account>subpage10>subsubpage_h,MOB,281,83,0.29537366548042704
main>account>subpage10>subsubpage_m,MOB,2250,1094,0.4862222222222222
main>account>subpage10>subsubpage_o,MOB,13,5,0.38461538461538464
main>account>subpage10>subsubpage_p,MOB,585,1,0.0017094017094017094
main>account>subpage10>subsubpage_q,MOB,849,248,0.2921083627797409
main>account>subpage10>subsubpage_r,MOB,42,5,0.11904761904761904
main>account>subpage10>subsubpage_s,MOB,25,3,0.12
main>account>subpage10>subsubpage_v,MOB,1222,258,0.21112929623567922
main>account>subpage10>subsubpage_x,MOB,20,3,0.15
main>account>subpage10>subsubpage_y,MOB,82,30,0.36585365853658536
main>account>subpage10>subsubpage_z,MOB,39,10,0.2564102564102564
main>account>subpage1>subsubpage_a,MOB,30,5,0.16666666666666666
main>account>subpage1>subsubpage_b,MOB,4175,904,0.21652694610778442
main>account>subpage1>subsubpage_c,MOB,60,12,0.2
main>account>subpage1>subsubpage_d,MOB,2698,1009,0.37398072646404745
main>account>subpage1>subsubpage_g,MOB,97,11,0.1134020618556701
main>account>subpage1>subsubpage_h,MOB,4728,931,0.19691201353637902
main>account>subpage1>subsubpage_i,MOB,147,3,0.02040816326530612
main>account>subpage1>subsubpage_j,MOB,187,-43,-0.22994652406417113
main>account>subpage1>subsubpage_l,MOB,185,46,0.24864864864864866
main>account>subpage1>subsubpage_o,MOB,19,5,0.2631578947368421
main>account>subpage1>subsubpage_p,MOB,25,0,0.0
main>account>subpage1>subsubpage_q,MOB,1226,601,0.4902120717781403
main>account>subpage1>subsubpage_r,MOB,23,-1,-0.043478260869565216
main>account>subpage1>subsubpage_w,MOB,6988,1096,0.15684029765311963
main>account>subpage1>subsubpage_x,MOB,46,5,0.10869565217391304
main>account>subpage1>subsubpage_y,MOB,28,10,0.35714285714285715
main>account>subpage2>subsubpage_a,MOB,16,6,0.375
main>account>subpage2>subsubpage_c,MOB,486,84,0.1728395061728395
main>account>subpage2>subsubpage_d,MOB,39,8,0.20512820512820512
main>account>subpage2>subsubpage_e,MOB,13,0,0.0
main>account>subpage2>subsubpage_h,MOB,149,-22,-0.1476510067114094
main>account>subpage2>subsubpage_j,MOB,164,16,0.0975609756097561
main>account>subpage2>subsubpage_l,MOB,12,2,0.16666666666666666
main>account>subpage2>subsubpage_m,MOB,441,147,0.3333333333333333
main>account>subpage2>subsubpage_r,MOB,295,97,0.3288135593220339
main>account>subpage2>subsubpage_s,MOB,25,2,0.08
main>account>subpage2>subsubpage_v,MOB,263,27,0.10266159695817491
main>account>subpage2>subsubpage_w,MOB,88,0,0.0
main>account>subpage2>subsubpage_z,MOB,46,-2,-0.043478260869565216
main>account>subpage3>subsubpage_c,MOB,25,-2,-0.08
main>account>subpage3>subsubpage_d,MOB,168,74,0.44047619047619047
main>account>subpage3>subsubpage_g,MOB,72,5,0.06944444444444445
main>account>subpage3>subsubpage_h,MOB,12,1,0.08333333333333333
main>account>subpage3>subsubpage_l,MOB,187,-7,-0.0374331550802139
main>account>subpage3>subsubpage_n,MOB,972,259,0.2664609053497942
main>account>subpage3>subsubpage_o,MOB,78,-7,-0.08974358974358974
main>account>subpage3>subsubpage_q,MOB,253,29,0.11462450592885376
main>account>subpage3>subsubpage_r,MOB,261,4,0.01532567049808429
main>account>subpage3>subsubpage_s,MOB,2856,594,0.20798319327731093
main>account>subpage3>subsubpage_v,MOB,105,7,0.06666666666666667
main>account>subpage3>subsubpage_x,MOB,17,0,0.0
main>account>subpage3>subsubpage_y,MOB,173,25,0.14450867052023122
main>account>subpage4>subsubpage_c,MOB,7,1,0.14285714285714285
main>account>subpage4>subsubpage_e,MOB,36,5,0.1388888888888889
main>account>subpage4>subsubpage_g,MOB,896,175,0.1953125
main>account>subpage4>subsubpage_i,MOB,191,10,0.05235602094240838
main>account>subpage4>subsubpage_k,MOB,8,0,0.0
main>account>subpage4>subsubpage_l,MOB,118,5,0.0423728813559322
main>account>subpage4>subsubpage_m,MOB,71,6,0.08450704225352113
main>account>subpage4>subsubpage_o,MOB,169,4,0.023668639053254437
main>account>subpage4>subsubpage_p,MOB,971,-105,-0.10813594232749743
main>account>subpage4>subsubpage_r,MOB,285,50,0.17543859649122806
main>account>subpage4>subsubpage_s,MOB,51,4,0.0784313725490196
main>account>subpage4>subsubpage_w,MOB,66,-6,-0.09090909090909091
main>account>subpage4>subsubpage_x,MOB,50,11,0.22
main>account>subpage4>subsubpage_y,MOB,51,0,0.0
main>account>subpage5>subsubpage_a,MOB,55,8,0.14545454545454545
main>account>subpage5>subsubpage_b,MOB,1101,285,0.25885558583106266
main>account>subpage5>subsubpage_d,MOB,98,16,0.16326530612244897
main>account>subpage5>subsubpage_h,MOB,3810,1222,0.3207349081364829
main>account>subpage5>subsubpage_i,MOB,12,0,0.0
main>account>subpage5>subsubpage_j,MOB,20,4,0.2
main>account>subpage5>subsubpage_m,MOB,171,8,0.04678362573099415
main>account>subpage5>subsubpage_o,MOB,26,0,0.0
main>account>subpage5>subsubpage_s,MOB,5893,372,0.0631257424062447
main>account>subpage5>subsubpage_t,MOB,526,54,0.10266159695817491
main>account>subpage5>subsubpage_u,MOB,322,51,0.15838509316770186
main>account>subpage5>subsubpage_w,MOB,912,-22,-0.02412280701754386
main>account>subpage5>subsubpage_y,MOB,63,18,0.2857142857142857
main>account>subpage5>subsubpage_z,MOB,127,28,0.2204724409448819
main>account>subpage6>subsubpage_a,MOB,264,-21,-0.07954545454545454
main>account>subpage6>subsubpage_b,MOB,1393,520,0.37329504666188085
main>account>subpage6>subsubpage_f,MOB,1101,478,0.43415077202543145
main>account>subpage6>subsubpage_g,MOB,111,36,0.32432432432432434
main>account>subpage6>subsubpage_k,MOB,2517,309,0.12276519666269368
main>account>subpage6>subsubpage_l,MOB,19,0,0.0
main>account>subpage6>subsubpage_o,MOB,30,9,0.3
main>account>subpage6>subsubpage_q,MOB,8,0,0.0
main>account>subpage6>subsubpage_s,MOB,801,267,0.3333333333333333
main>account>subpage6>subsubpage_t,MOB,65,11,0.16923076923076924
main>account>subpage6>subsubpage_u,MOB,161,47,0.2919254658385093
main>account>subpage6>subsubpage_v,MOB,508,103,0.20275590551181102
main>account>subpage6>subsubpage_w,MOB,355,91,0.2563380281690141
main>account>subpage6>subsubpage_y,MOB,57,8,0.14035087719298245
main>account>subpage6>subsubpage_z,MOB,13,5,0.38461538461538464
main>account>subpage7>subsubpage_a,MOB,15,2,0.13333333333333333
main>account>subpage7>subsubpage_f,MOB,82,17,0.2073170731707317
main>account>subpage7>subsubpage_g,MOB,114,49,0.4298245614035088
main>account>subpage7>subsubpage_h,MOB,52,-2,-0.038461538461538464
main>account>subpage7>subsubpage_m,MOB,129,-5,-0.03875968992248062
main>account>subpage7>subsubpage_p,MOB,27,8,0.2962962962962963
main>account>subpage7>subsubpage_s,MOB,101,-2,-0.019801980198019802
main>account>subpage7>subsubpage_t,MOB,2181,963,0.44154057771664373
main>account>subpage7>subsubpage_w,MOB,887,78,0.08793686583990981
main>account>subpage7>subsubpage_y,MOB,61,2,0.03278688524590164
main>account>subpage8>subsubpage_b,MOB,8,3,0.375
main>account>subpage8>subsubpage_c,MOB,18,6,0.3333333333333333
main>account>subpage8>subsubpage_d,MOB,148,64,0.43243243243243246
main>account>subpage8>subsubpage_e,MOB,25,7,0.28
main>account>subpage8>subsubpage_f,MOB,12,0,0.0
main>account>subpage8>subsubpage_g,MOB,8,3,0.375
main>account>subpage8>subsubpage_h,MOB,62,6,0.0967741935483871
main>account>subpage8>subsubpage_o,MOB,53,14,0.2641509433962264
main>account>subpage8>subsubpage_p,MOB,987,288,0.2917933130699088
main>account>subpage8>subsubpage_r,MOB,3,0,0.0
main>account>subpage8>subsubpage_t,MOB,31,7,0.22580645161290322
main>account>subpage8>subsubpage_u,MOB,21,6,0.2857142857142857
main>account>subpage8>subsubpage_v,MOB,151,31,0.2052980132450331
main>account>subpage8>subsubpage_w,MOB,12,0,0.0
main>account>subpage8>subsubpage_y,MOB,6958,1355,0.19473986777809715
main>account>subpage9>subsubpage_c,MOB,11647,4064,0.3489310552073495
main>account>subpage9>subsubpage_g,MOB,75,3,0.04
main>account>subpage9>subsubpage_i,MOB,33,4,0.12121212121212122
main>account>subpage9>subsubpage_j,MOB,58,4,0.06896551724137931
main>account>subpage9>subsubpage_l,MOB,19,8,0.42105263157894735
main>account>subpage9>subsubpage_p,MOB,780,195,0.25
main>account>subpage9>subsubpage_s,MOB,15,3,0.2
main>account>subpage9>subsubpage_u,MOB,168,5,0.02976190476190476
main>account>subpage9>subsubpage_y,MOB,4,1,0.25
main>credit>subpage10>subsubpage_d,MOB,14,0,0.0
main>credit>subpage10>subsubpage_g,MOB,94,14,0.14893617021276595
main>credit>subpage10>subsubpage_h,MOB,7,0,0.0
main>credit>subpage10>subsubpage_j,MOB,26,6,0.23076923076923078
main>credit>subpage10>subsubpage_n,MOB,11,2,0.18181818181818182
main>credit>subpage10>subsubpage_o,MOB,7,0,0.0
main>credit>subpage10>subsubpage_q,MOB,156,32,0.20512820512820512
main>credit>subpage10>subsubpage_r,MOB,25,0,0.0
main>credit>subpage10>subsubpage_u,MOB,40,-2,-0.05
main>credit>subpage1>subsubpage_d,MOB,282,61,0.21631205673758866
main>credit>subpage1>subsubpage_g,MOB,427,74,0.17330210772833723
main>credit>subpage1>subsubpage_i,MOB,98,24,0.24489795918367346
main>credit>subpage1>subsubpage_l,MOB,176,89,0.5056818181818182
main>credit>subpage1>subsubpage_p,MOB,33,9,0.2727272727272727
main>credit>subpage1>subsubpage_s,MOB,12,0,0.0
main>credit>subpage1>subsubpage_t,MOB,425,135,0.3176470588235294
main>credit>subpage1>subsubpage_u,MOB,75,-3,-0.04
main>credit>subpage1>subsubpage_v,MOB,609,49,0.08045977011494253
main>credit>subpage1>subsubpage_w,MOB,883,123,0.1392978482446206
main>credit>subpage1>subsubpage_x,MOB,11,4,0.36363636363636365
main>credit>subpage1>subsubpage_z,MOB,439,16,0.03644646924829157
main>credit>subpage2>subsubpage_c,MOB,119,3,0.025210084033613446
main>credit>subpage2>subsubpage_j,MOB,178,24,0.1348314606741573
main>credit>subpage2>subsubpage_k,MOB,25,1,0.04
main>credit>subpage2>subsubpage_n,MOB,493,157,0.3184584178498986
main>credit>subpage2>subsubpage_o,MOB,70,0,0.0
main>credit>subpage2>subsubpage_p,MOB,89,-1,-0.011235955056179775
main>credit>subpage2>subsubpage_q,MOB,332,28,0.08433734939759036
main>credit>subpage2>subsubpage_r,MOB,227,17,0.07488986784140969
main>credit>subpage2>subsubpage_s,MOB,645,283,0.4387596899224806
main>credit>subpage2>subsubpage_u,MOB,57,16,0.2807017543859649
main>credit>subpage2>subsubpage_v,MOB,2112,344,0.16287878787878787
main>credit>subpage2>subsubpage_y,MOB,14,0,0.0
main>credit>subpage2>subsubpage_z,MOB,17,4,0.23529411764705882
main>credit>subpage3>subsubpage_a,MOB,38,0,0.0
main>credit>subpage3>subsubpage_c,MOB,431,-35,-0.08120649651972157
main>credit>subpage3>subsubpage_f,MOB,12,4,0.3333333333333333
main>credit>subpage3>subsubpage_g,MOB,117,23,0.19658119658119658
main>credit>subpage3>subsubpage_h,MOB,27,7,0.25925925925925924
main>credit>subpage3>subsubpage_k,MOB,24,4,0.16666666666666666
main>credit>subpage3>subsubpage_o,MOB,64,18,0.28125
main>credit>subpage3>subsubpage_q,MOB,24,1,0.041666666666666664
main>credit>subpage3>subsubpage_s,MOB,62,0,0.0
main>credit>subpage3>subsubpage_u,MOB,40,10,0.25
main>credit>subpage4>subsubpage_a,MOB,30,0,0.0
main>credit>subpage4>subsubpage_b,MOB,167,7,0.041916167664670656
main>credit>subpage4>subsubpage_e,MOB,73,6,0.0821917808219178
main>credit>subpage4>subsubpage_h,MOB,12,1,0.08333333333333333
main>credit>subpage4>subsubpage_j,MOB,193,18,0.09326424870466321
main>credit>subpage4>subsubpage_k,MOB,60,-3,-0.05
main>credit>subpage4>subsubpage_m,MOB,108,5,0.046296296296296294
main>credit>subpage4>subsubpage_n,MOB,8,-1,-0.125
main>credit>subpage4>subsubpage_p,MOB,520,126,0.2423076923076923
main>credit>subpage4>subsubpage_q,MOB,649,-58,-0.08936825885978428
main>credit>subpage4>subsubpage_r,MOB,82,-1,-0.012195121951219513
main>credit>subpage4>subsubpage_s,MOB,24,3,0.125
main>credit>subpage4>subsubpage_t,MOB,1248,48,0.038461538461538464
main>credit>subpage4>subsubpage_u,MOB,102,39,0.38235294117647056
main>credit>subpage4>subsubpage_x,MOB,663,-29,-0.043740573152337855
main>credit>subpage4>subsubpage_z,MOB,765,145,0.1895424836601307
main>credit>subpage5>subsubpage_b,MOB,40,5,0.125
main>credit>subpage5>subsubpage_e,MOB,15,0,0.0
main>credit>subpage5>subsubpage_g,MOB,151,34,0.2251655629139073
main>credit>subpage5>subsubpage_j,MOB,35,4,0.11428571428571428
main>credit>subpage5>subsubpage_m,MOB,395,105,0.26582278481012656
main>credit>subpage5>subsubpage_o,MOB,201,54,0.26865671641791045
main>credit>subpage5>subsubpage_p,MOB,3192,1514,0.4743107769423559
main>credit>subpage5>subsubpage_q,MOB,215,75,0.3488372093023256
main>credit>subpage5>subsubpage_r,MOB,1185,112,0.09451476793248945
main>credit>subpage5>subsubpage_s,MOB,78,8,0.10256410256410256
main>credit>subpage5>subsubpage_t,MOB,45,14,0.3111111111111111
main>credit>subpage5>subsubpage_u,MOB,1014,251,0.24753451676528598
main>credit>subpage5>subsubpage_v,MOB,52,12,0.23076923076923078
main>credit>subpage5>subsubpage_y,MOB,53,-4,-0.07547169811320754
main>credit>subpage6>subsubpage_a,MOB,273,40,0.14652014652014653
main>credit>subpage6>subsubpage_e,MOB,8,0,0.0
main>credit>subpage6>subsubpage_h,MOB,3032,582,0.19195250659630606
main>credit>subpage6>subsubpage_j,MOB,27,3,0.1111111111111111
main>credit>subpage6>subsubpage_k,MOB,186,53,0.2849462365591398
main>credit>subpage6>subsubpage_l,MOB,311,61,0.19614147909967847
main>credit>subpage6>subsubpage_n,MOB,19,5,0.2631578947368421
main>credit>subpage6>subsubpage_o,MOB,50,4,0.08
main>credit>subpage6>subsubpage_s,MOB,351,2,0.005698005698005698
main>credit>subpage6>subsubpage_v,MOB,5690,503,0.08840070298769771
main>credit>subpage6>subsubpage_x,MOB,14173,2089,0.1473929302194313
main>credit>subpage6>subsubpage_z,MOB,461,95,0.20607375271149675
main>credit>subpage7>subsubpage_d,MOB,48,23,0.4791666666666667
main>credit>subpage7>subsubpage_e,MOB,20,2,0.1
main>credit>subpage7>subsubpage_g,MOB,32,0,0.0
main>credit>subpage7>subsubpage_h,MOB,9924,973,0.09804514308746473
main>credit>subpage7>subsubpage_i,MOB,92,7,0.07608695652173914
main>credit>subpage7>subsubpage_j,MOB,9,2,0.2222222222222222
main>credit>subpage7>subsubpage_m,MOB,172,-14,-0.08139534883720931
main>credit>subpage7>subsubpage_n,MOB,151,24,0.15894039735099338
main>credit>subpage7>subsubpage_o,MOB,35,6,0.17142857142857143
main>credit>subpage7>subsubpage_p,MOB,28,5,0.17857142857142858
main>credit>subpage7>subsubpage_s,MOB,230,13,0.05652173913043478
main>credit>subpage7>subsubpage_u,MOB,1132,129,0.11395759717314488
main>credit>subpage7>subsubpage_v,MOB,5,0,0.0
main>credit>subpage7>subsubpage_w,MOB,102,7,0.06862745098039216
main>credit>subpage7>subsubpage_x,MOB,444,30,0.06756756756756757
main>credit>subpage7>subsubpage_y,MOB,46,9,0.1956521739130435
main>credit>subpage8>subsubpage_a,MOB,60,-1,-0.016666666666666666
main>credit>subpage8>subsubpage_d,MOB,126,33,0.2619047619047619
main>credit>subpage8>subsubpage_f,MOB,50,18,0.36
main>credit>subpage8>subsubpage_h,MOB,210,-33,-0.15714285714285714
main>credit>subpage8>subsubpage_j,MOB,3426,733,0.21395213076474023
main>credit>subpage8>subsubpage_o,MOB,26,6,0.23076923076923078
main>credit>subpage8>subsubpage_q,MOB,1020,55,0.05392156862745098
main>credit>subpage8>subsubpage_x,MOB,76,6,0.07894736842105263
main>credit>subpage9>subsubpage_c,MOB,20,2,0.1
main>credit>subpage9>subsubpage_f,MOB,9,0,0.0
main>credit>subpage9>subsubpage_g,MOB,12042,1248,0.10363726955655207
main>credit>subpage9>subsubpage_k,MOB,1371,-139,-0.10138584974471189
main>credit>subpage9>subsubpage_m,MOB,288,93,0.3229166666666667
main>credit>subpage9>subsubpage_p,MOB,1503,469,0.3120425815036593
main>credit>subpage9>subsubpage_q,MOB,91,2,0.02197802197802198
main>credit>subpage9>subsubpage_s,MOB,525,-36,-0.06857142857142857
main>credit>subpage9>subsubpage_t,MOB,129,29,0.2248062015503876
main>credit>subpage9>subsubpage_v,MOB,42,2,0.047619047619047616
main>credit>subpage9>subsubpage_y,MOB,924,158,0.170995670995671
main>credit>subpage9>subsubpage_z,MOB,19,2,0.10526315789473684
main>disputes>subpage10>subsubpage_f,MOB,145,36,0.2482758620689655
main>disputes>subpage10>subsubpage_h,MOB,1569,398,0.2536647546207776
main>disputes>subpage10>subsubpage_l,MOB,106,4,0.03773584905660377
main>disputes>subpage10>subsubpage_n,MOB,89,-5,-0.056179775280898875
main>disputes>subpage10>subsubpage_r,MOB,15,-1,-0.06666666666666667
main>disputes>subpage10>subsubpage_t,MOB,109,26,0.23853211009174313
main>disputes>subpage10>subsubpage_u,MOB,3179,-90,-0.028310789556464298
main>disputes>subpage10>subsubpage_w,MOB,271,20,0.07380073800738007
main>disputes>subpage10>subsubpage_x,MOB,17,1,0.058823529411764705
main>disputes>subpage10>subsubpage_y,MOB,19,2,0.10526315789473684
main>disputes>subpage10>subsubpage_z,MOB,21,-3,-0.14285714285714285
main>disputes>subpage1>subsubpage_b,MOB,71,12,0.16901408450704225
main>disputes>subpage1>subsubpage_e,MOB,603,138,0.22885572139303484
main>disputes>subpage1>subsubpage_f,MOB,38,6,0.15789473684210525
main>disputes>subpage1>subsubpage_g,MOB,3888,401,0.10313786008230452
main>disputes>subpage1>subsubpage_h,MOB,135,22,0.16296296296296298
main>disputes>subpage1>subsubpage_k,MOB,392,82,0.20918367346938777
main>disputes>subpage1>subsubpage_l,MOB,12,-3,-0.25
main>disputes>subpage1>subsubpage_n,MOB,133,59,0.44360902255639095
main>disputes>subpage1>subsubpage_o,MOB,77,16,0.2077922077922078
main>disputes>subpage1>subsubpage_t,MOB,248,12,0.04838709677419355
main>disputes>subpage1>subsubpage_u,MOB,1698,155,0.09128386336866902
main>disputes>subpage1>subsubpage_v,MOB,160,35,0.21875
main>disputes>subpage1>subsubpage_w,MOB,71,9,0.1267605633802817
main>disputes>subpage2>subsubpage_a,MOB,171,-26,-0.15204678362573099
main>disputes>subpage2>subsubpage_d,MOB,21,10,0.47619047619047616
main>disputes>subpage2>subsubpage_e,MOB,228,30,0.13157894736842105
main>disputes>subpage2>subsubpage_h,MOB,12,3,0.25
main>disputes>subpage2>subsubpage_k,MOB,36,1,0.027777777777777776
main>disputes>subpage2>subsubpage_l,MOB,21,8,0.38095238095238093
main>disputes>subpage2>subsubpage_m,MOB,82,15,0.18292682926829268
main>disputes>subpage2>subsubpage_n,MOB,14,3,0.21428571428571427
main>disputes>subpage2>subsubpage_o,MOB,35,0,0.0
main>disputes>subpage2>subsubpage_p,MOB,74,24,0.32432432432432434
main>disputes>subpage2>subsubpage_q,MOB,666,168,0.25225225225225223
main>disputes>subpage2>subsubpage_r,MOB,114,39,0.34210526315789475
main>disputes>subpage2>subsubpage_v,MOB,88,4,0.045454545454545456
main>disputes>subpage2>subsubpage_w,MOB,107,8,0.07476635514018691
main>disputes>subpage3>subsubpage_a,MOB,104,51,0.49038461538461536
main>disputes>subpage3>subsubpage_d,MOB,402,-3,-0.007462686567164179
main>disputes>subpage3>subsubpage_e,MOB,363,47,0.12947658402203857
main>disputes>subpage3>subsubpage_g,MOB,23,7,0.30434782608695654
main>disputes>subpage3>subsubpage_h,MOB,311,51,0.1639871382636656
main>disputes>subpage3>subsubpage_i,MOB,20,4,0.2
main>disputes>subpage3>subsubpage_k,MOB,49,4,0.08163265306122448
main>disputes>subpage3>subsubpage_l,MOB,79,16,0.20253164556962025
main>disputes>subpage3>subsubpage_m,MOB,9243,-425,-0.04598074218327383
main>disputes>subpage3>subsubpage_n,MOB,41,16,0.3902439024390244
main>disputes>subpage3>subsubpage_s,MOB,198,26,0.13131313131313133
main>disputes>subpage3>subsubpage_t,MOB,108,5,0.046296296296296294
main>disputes>subpage4>subsubpage_a,MOB,25,6,0.24
main>disputes>subpage4>subsubpage_c,MOB,27,2,0.07407407407407407
main>disputes>subpage4>subsubpage_d,MOB,71,-3,-0.04225352112676056
main>disputes>subpage4>subsubpage_g,MOB,613,-31,-0.05057096247960848
main>disputes>subpage4>subsubpage_h,MOB,109,27,0.24770642201834864
main>disputes>subpage4>subsubpage_i,MOB,44,5,0.11363636363636363
main>disputes>subpage4>subsubpage_j,MOB,222,28,0.12612612612612611
main>disputes>subpage4>subsubpage_k,MOB,30,9,0.3
main>disputes>subpage4>subsubpage_l,MOB,102,-1,-0.00980392156862745
main>disputes>subpage4>subsubpage_q,MOB,49,1,0.02040816326530612
main>disputes>subpage4>subsubpage_r,MOB,59,5,0.0847457627118644
main>disputes>subpage4>subsubpage_t,MOB,2677,439,0.16398954053044454
main>disputes>subpage4>subsubpage_v,MOB,31,4,0.12903225806451613
main>disputes>subpage4>subsubpage_x,MOB,47,5,0.10638297872340426
main>disputes>subpage4>subsubpage_z,MOB,26,3,0.11538461538461539
main>disputes>subpage5>subsubpage_b,MOB,164,21,0.12804878048780488
main>disputes>subpage5>subsubpage_f,MOB,86,3,0.03488372093023256
main>disputes>subpage5>subsubpage_h,MOB,110,3,0.02727272727272727
main>disputes>subpage5>subsubpage_j,MOB,2190,418,0.1908675799086758
main>disputes>subpage5>subsubpage_l,MOB,28,0,0.0
main>disputes>subpage5>subsubpage_m,MOB,18,0,0.0
main>disputes>subpage5>subsubpage_n,MOB,30,3,0.1
main>disputes>subpage5>subsubpage_o,MOB,68,8,0.11764705882352941
main>disputes>subpage5>subsubpage_q,MOB,26,12,0.46153846153846156
main>disputes>subpage5>subsubpage_s,MOB,249,11,0.04417670682730924
main>disputes>subpage5>subsubpage_v,MOB,60,17,0.2833333333333333
main>disputes>subpage5>subsubpage_w,MOB,49,13,0.2653061224489796
main>disputes>subpage5>subsubpage_y,MOB,45,-1,-0.022222222222222223
main>disputes>subpage6>subsubpage_b,MOB,245,65,0.2653061224489796
main>disputes>subpage6>subsubpage_c,MOB,52,-1,-0.019230769230769232
main>disputes>subpage6>subsubpage_h,MOB,182,-45,-0.24725274725274726
main>disputes>subpage6>subsubpage_j,MOB,1605,386,0.24049844236760123
main>disputes>subpage6>subsubpage_k,MOB,2727,-309,-0.11331133113311331
main>disputes>subpage6>subsubpage_l,MOB,15,3,0.2
main>disputes>subpage6>subsubpage_p,MOB,138,6,0.043478260869565216
main>disputes>subpage6>subsubpage_q,MOB,452,180,0.39823008849557523
main>disputes>subpage6>subsubpage_r,MOB,87,27,0.3103448275862069
main>disputes>subpage6>subsubpage_v,MOB,86,7,0.08139534883720931
main>disputes>subpage6>subsubpage_y,MOB,33,1,0.030303030303030304
main>disputes>subpage6>subsubpage_z,MOB,691,-22,-0.03183791606367583
main>disputes>subpage7>subsubpage_a,MOB,26,2,0.07692307692307693
main>disputes>subpage7>subsubpage_i,MOB,139,15,0.1079136690647482
main>disputes>subpage7>subsubpage_k,MOB,37,3,0.08108108108108109
main>disputes>subpage7>subsubpage_l,MOB,529,91,0.1720226843100189
main>disputes>subpage7>subsubpage_p,MOB,5997,1420,0.2367850591962648
main>disputes>subpage7>subsubpage_s,MOB,1987,402,0.20231504781077
main>disputes>subpage7>subsubpage_u,MOB,626,22,0.03514376996805112
main>disputes>subpage7>subsubpage_v,MOB,585,-38,-0.06495726495726496
main>disputes>subpage7>subsubpage_y,MOB,317,112,0.35331230283911674
main>disputes>subpage8>subsubpage_b,MOB,238,11,0.046218487394957986
main>disputes>subpage8>subsubpage_d,MOB,614,32,0.05211726384364821
main>disputes>subpage8>subsubpage_e,MOB,797,57,0.07151819322459223
main>disputes>subpage8>subsubpage_g,MOB,133,-16,-0.12030075187969924
main>disputes>subpage8>subsubpage_r,MOB,124,9,0.07258064516129033
main>disputes>subpage8>subsubpage_s,MOB,3116,243,0.07798459563543003
main>disputes>subpage8>subsubpage_w,MOB,111,27,0.24324324324324326
main>disputes>subpage8>subsubpage_x,MOB,42,10,0.23809523809523808
main>disputes>subpage9>subsubpage_a,MOB,82,12,0.14634146341463414
main>disputes>subpage9>subsubpage_g,MOB,81,23,0.2839506172839506
main>disputes>subpage9>subsubpage_h,MOB,12,2,0.16666666666666666
main>disputes>subpage9>subsubpage_i,MOB,257,38,0.14785992217898833
main>disputes>subpage9>subsubpage_j,MOB,23,4,0.17391304347826086
main>disputes>subpage9>subsubpage_m,MOB,39,4,0.10256410256410256
main>disputes>subpage9>subsubpage_s,MOB,167,15,0.08982035928143713
main>disputes>subpage9>subsubpage_t,MOB,53,5,0.09433962264150944
main>disputes>subpage9>subsubpage_v,MOB,736,-14,-0.019021739130434784
main>disputes>subpage9>subsubpage_z,MOB,34,6,0.17647058823529413
main>it>subpage10>subsubpage_c,MOB,536,0,0.0
main>it>subpage10>subsubpage_h,MOB,105,29,0.2761904761904762
main>it>subpage10>subsubpage_i,MOB,64,7,0.109375
main>it>subpage10>subsubpage_j,MOB,32,5,0.15625
main>it>subpage10>subsubpage_o,MOB,68,15,0.22058823529411764
main>it>subpage10>subsubpage_p,MOB,336,82,0.24404761904761904
main>it>subpage10>subsubpage_u,MOB,18,-1,-0.05555555555555555
main>it>subpage10>subsubpage_v,MOB,20,2,0.1
main>it>subpage10>subsubpage_w,MOB,38,10,0.2631578947368421
main>it>subpage10>subsubpage_x,MOB,490,-51,-0.10408163265306122
main>it>subpage10>subsubpage_y,MOB,5899,1227,0.20800135616206136
main>it>subpage10>subsubpage_z,MOB,80,-15,-0.1875
main>it>subpage1>subsubpage_a,MOB,17,0,0.0
main>it>subpage1>subsubpage_b,MOB,12,1,0.08333333333333333
main>it>subpage1>subsubpage_d,MOB,68,-6,-0.08823529411764706
main>it>subpage1>subsubpage_i,MOB,2846,6,0.0021082220660576245
main>it>subpage1>subsubpage_j,MOB,553,-39,-0.0705244122965642
main>it>subpage1>subsubpage_o,MOB,53,21,0.39622641509433965
main>it>subpage1>subsubpage_p,MOB,55,9,0.16363636363636364
main>it>subpage1>subsubpage_q,MOB,53,12,0.22641509433962265
main>it>subpage1>subsubpage_r,MOB,178,20,0.11235955056179775
main>it>subpage1>subsubpage_t,MOB,33,3,0.09090909090909091
main>it>subpage1>subsubpage_u,MOB,165,-15,-0.09090909090909091
main>it>subpage1>subsubpage_v,MOB,17,1,0.058823529411764705
main>it>subpage1>subsubpage_y,MOB,22,0,0.0
main>it>subpage2>subsubpage_a,MOB,222,61,0.2747747747747748
main>it>subpage2>subsubpage_e,MOB,3555,1141,0.3209563994374121
main>it>subpage2>subsubpage_h,MOB,114,42,0.3684210526315789
main>it>subpage2>subsubpage_i,MOB,489,135,0.27607361963190186
main>it>subpage2>subsubpage_j,MOB,14,0,0.0
main>it>subpage2>subsubpage_k,MOB,11633,-202,-0.01736439439525488
main>it>subpage2>subsubpage_l,MOB,844,223,0.26421800947867297
main>it>subpage2>subsubpage_m,MOB,75,15,0.2
main>it>subpage2>subsubpage_s,MOB,349,-40,-0.11461318051575932
main>it>subpage2>subsubpage_t,MOB,367,74,0.2016348773841962
main>it>subpage2>subsubpage_u,MOB,1326,361,0.2722473604826546
main>it>subpage2>subsubpage_v,MOB,117,18,0.15384615384615385
main>it>subpage2>subsubpage_w,MOB,8536,1043,0.1221883786316776
main>it>subpage2>subsubpage_y,MOB,38,1,0.02631578947368421
main>it>subpage2>subsubpage_z,MOB,761,-50,-0.0657030223390276
main>it>subpage3>subsubpage_a,MOB,68,18,0.2647058823529412
main>it>subpage3>subsubpage_c,MOB,124,12,0.0967741935483871
main>it>subpage3>subsubpage_e,MOB,45,5,0.1111111111111111
main>it>subpage3>subsubpage_f,MOB,171,70,0.4093567251461988
main>it>subpage3>subsubpage_h,MOB,58,14,0.2413793103448276
main>it>subpage3>subsubpage_m,MOB,199,41,0.20603015075376885
main>it>subpage3>subsubpage_o,MOB,233,39,0.16738197424892703
main>it>subpage3>subsubpage_p,MOB,613,231,0.3768352365415987
main>it>subpage3>subsubpage_r,MOB,1664,679,0.40805288461538464
main>it>subpage3>subsubpage_w,MOB,11,3,0.2727272727272727
main>it>subpage4>subsubpage_a,MOB,17,4,0.23529411764705882
main>it>subpage4>subsubpage_f,MOB,20343,-3340,-0.16418424027921152
main>it>subpage4>subsubpage_g,MOB,114,19,0.16666666666666666
main>it>subpage4>subsubpage_h,MOB,14,1,0.07142857142857142
main>it>subpage4>subsubpage_i,MOB,247,40,0.16194331983805668
main>it>subpage4>subsubpage_j,MOB,1577,459,0.29105897273303744
main>it>subpage4>subsubpage_k,MOB,49,-12,-0.24489795918367346
main>it>subpage4>subsubpage_l,MOB,16,1,0.0625
main>it>subpage4>subsubpage_m,MOB,54,10,0.18518518518518517
main>it>subpage4>subsubpage_o,MOB,659,52,0.07890743550834597
main>it>subpage4>subsubpage_q,MOB,155,-9,-0.05806451612903226
main>it>subpage4>subsubpage_w,MOB,1234,345,0.27957860615883307
main>it>subpage5>subsubpage_a,MOB,1107,212,0.1915085817524842
main>it>subpage5>subsubpage_c,MOB,100,0,0.0
main>it>subpage5>subsubpage_e,MOB,11618,2291,0.19719400929592013
main>it>subpage5>subsubpage_m,MOB,168,45,0.26785714285714285
main>it>subpage5>subsubpage_n,MOB,663,100,0.15082956259426847
main>it>subpage5>subsubpage_o,MOB,16,4,0.25
main>it>subpage5>subsubpage_t,MOB,217,35,0.16129032258064516
main>it>subpage5>subsubpage_z,MOB,16,1,0.0625
main>it>subpage6>subsubpage_c,MOB,3298,-78,-0.023650697392359005
main>it>subpage6>subsubpage_d,MOB,75,10,0.13333333333333333
main>it>subpage6>subsubpage_e,MOB,13,2,0.15384615384615385
main>it>subpage6>subsubpage_f,MOB,23,6,0.2608695652173913
main>it>subpage6>subsubpage_g,MOB,2365,313,0.13234672304439746
main>it>subpage6>subsubpage_h,MOB,78,17,0.21794871794871795
main>it>subpage6>subsubpage_j,MOB,105,0,0.0
main>it>subpage6>subsubpage_k,MOB,33,1,0.030303030303030304
main>it>subpage6>subsubpage_l,MOB,594,79,0.132996632996633
main>it>subpage6>subsubpage_m,MOB,642,-5,-0.00778816199376947
main>it>subpage6>subsubpage_s,MOB,21491,5868,0.27304453026848446
main>it>subpage6>subsubpage_w,MOB,1040,228,0.21923076923076923
main>it>subpage6>subsubpage_x,MOB,16,3,0.1875
main>it>subpage6>subsubpage_z,MOB,89,18,0.20224719101123595
main>it>subpage7>subsubpage_a,MOB,47,21,0.44680851063829785
main>it>subpage7>subsubpage_b,MOB,61,4,0.06557377049180328
main>it>subpage7>subsubpage_c,MOB,481,-86,-0.1787941787941788
main>it>subpage7>subsubpage_e,MOB,25,4,0.16
main>it>subpage7>subsubpage_f,MOB,28,4,0.14285714285714285
main>it>subpage7>subsubpage_h,MOB,44,3,0.06818181818181818
main>it>subpage7>subsubpage_i,MOB,818,2,0.0024449877750611247
main>it>subpage7>subsubpage_k,MOB,112,9,0.08035714285714286
main>it>subpage7>subsubpage_n,MOB,95,16,0.16842105263157894
main>it>subpage7>subsubpage_o,MOB,9,0,0.0
main>it>subpage7>subsubpage_p,MOB,188,96,0.5106382978723404
main>it>subpage8>subsubpage_e,MOB,8670,51,0.0058823529411764705
main>it>subpage8>subsubpage_f,MOB,70,2,0.02857142857142857
main>it>subpage8>subsubpage_g,MOB,581,-112,-0.1927710843373494
main>it>subpage8>subsubpage_h,MOB,28,5,0.17857142857142858
main>it>subpage8>subsubpage_j,MOB,86,-13,-0.1511627906976744
main>it>subpage8>subsubpage_l,MOB,34,2,0.058823529411764705
main>it>subpage8>subsubpage_n,MOB,154,16,0.1038961038961039
main>it>subpage8>subsubpage_r,MOB,6647,289,0.043478260869565216
main>it>subpage8>subsubpage_t,MOB,52,21,0.40384615384615385
main>it>subpage8>subsubpage_y,MOB,85,25,0.29411764705882354
main>it>subpage8>subsubpage_z,MOB,152,52,0.34210526315789475
main>it>subpage9>subsubpage_c,MOB,841,14,0.016646848989298454
main>it>subpage9>subsubpage_d,MOB,43,13,0.3023255813953488
main>it>subpage9>subsubpage_i,MOB,98,22,0.22448979591836735
main>it>subpage9>subsubpage_k,MOB,186,49,0.26344086021505375
main>it>subpage9>subsubpage_o,MOB,14,4,0.2857142857142857
main>it>subpage9>subsubpage_r,MOB,41,0,0.0
main>it>subpage9>subsubpage_t,MOB,308,26,0.08441558441558442
main>it>subpage9>subsubpage_w,MOB,624,174,0.27884615384615385
main>it>subpage9>subsubpage_x,MOB,443,-110,-0.24830699774266365
main>it>subpage9>subsubpage_z,MOB,28001,10556,0.3769865361951359
main>payments>subpage10>subsubpage_a,MOB,19,4,0.21052631578947367
main>payments>subpage10>subsubpage_c,MOB,10,1,0.1
main>payments>subpage10>subsubpage_d,MOB,140,25,0.17857142857142858
main>payments>subpage10>subsubpage_e,MOB,33,0,0.0
main>payments>subpage10>subsubpage_f,MOB,32,3,0.09375
main>payments>subpage10>subsubpage_g,MOB,14,4,0.2857142857142857
main>payments>subpage10>subsubpage_i,MOB,11,4,0.36363636363636365
main>payments>subpage10>subsubpage_j,MOB,215,119,0.5534883720930233
main>payments>subpage10>subsubpage_m,MOB,42,5,0.11904761904761904
main>payments>subpage10>subsubpage_n,MOB,961,49,0.05098855359001041
main>payments>subpage10>subsubpage_o,MOB,11,0,0.0
main>payments>subpage10>subsubpage_q,MOB,17,0,0.0
main>payments>subpage10>subsubpage_r,MOB,384,53,0.13802083333333334
main>payments>subpage10>subsubpage_s,MOB,10,2,0.2
main>payments>subpage10>subsubpage_u,MOB,485,70,0.14432989690721648
main>payments>subpage10>subsubpage_w,MOB,9012,2833,0.31435863293386596
main>payments>subpage10>subsubpage_x,MOB,4114,472,0.11473018959649976
main>payments>subpage1>subsubpage_a,MOB,159,15,0.09433962264150944
main>payments>subpage1>subsubpage_b,MOB,13,0,0.0
main>payments>subpage1>subsubpage_c,MOB,207,-19,-0.09178743961352658
main>payments>subpage1>subsubpage_d,MOB,90,-7,-0.07777777777777778
main>payments>subpage1>subsubpage_e,MOB,71,-1,-0.014084507042253521
main>payments>subpage1>subsubpage_g,MOB,16,5,0.3125
main>payments>subpage1>subsubpage_h,MOB,211,60,0.2843601895734597
main>payments>subpage1>subsubpage_m,MOB,27,9,0.3333333333333333
main>payments>subpage1>subsubpage_t,MOB,138,-6,-0.043478260869565216
main>payments>subpage2>subsubpage_a,MOB,97,-14,-0.14432989690721648
main>payments>subpage2>subsubpage_b,MOB,3095,157,0.05072697899838449
main>payments>subpage2>subsubpage_c,MOB,24,4,0.16666666666666666
main>payments>subpage2>subsubpage_f,MOB,220,49,0.22272727272727272
main>payments>subpage2>subsubpage_g,MOB,403,123,0.3052109181141439
main>payments>subpage2>subsubpage_h,MOB,223,43,0.19282511210762332
main>payments>subpage2>subsubpage_i,MOB,349,143,0.40974212034383956
main>payments>subpage2>subsubpage_o,MOB,3779,440,0.11643291876157713
main>payments>subpage2>subsubpage_p,MOB,528,6,0.011363636363636364
main>payments>subpage2>subsubpage_s,MOB,437,-44,-0.10068649885583524
main>payments>subpage2>subsubpage_w,MOB,358,5,0.013966480446927373
main>payments>subpage2>subsubpage_x,MOB,209,39,0.18660287081339713
main>payments>subpage2>subsubpage_y,MOB,298,4,0.013422818791946308
main>payments>subpage2>subsubpage_z,MOB,209,60,0.28708133971291866
main>payments>subpage3>subsubpage_c,MOB,61,22,0.36065573770491804
main>payments>subpage3>subsubpage_d,MOB,19,-4,-0.21052631578947367
main>payments>subpage3>subsubpage_f,MOB,10,2,0.2
main>payments>subpage3>subsubpage_g,MOB,9,-1,-0.1111111111111111
main>payments>subpage3>subsubpage_h,MOB,2461,517,0.21007720438845998
main>payments>subpage3>subsubpage_j,MOB,48,16,0.3333333333333333
main>payments>subpage3>subsubpage_m,MOB,33,5,0.15151515151515152
main>payments>subpage3>subsubpage_n,MOB,28,-1,-0.03571428571428571
main>payments>subpage3>subsubpage_o,MOB,27,1,0.037037037037037035
main>payments>subpage3>subsubpage_p,MOB,705,78,0.11063829787234042
main>payments>subpage3>subsubpage_q,MOB,45,5,0.1111111111111111
main>payments>subpage3>subsubpage_s,MOB,31,3,0.0967741935483871
main>payments>subpage3>subsubpage_t,MOB,4323,577,0.13347212583853804
main>payments>subpage3>subsubpage_u,MOB,1820,331,0.18186813186813186
main>payments>subpage3>subsubpage_w,MOB,17,0,0.0
main>payments>subpage3>subsubpage_x,MOB,1249,142,0.11369095276220977
main>payments>subpage4>subsubpage_b,MOB,68,26,0.38235294117647056
main>payments>subpage4>subsubpage_d,MOB,48,4,0.08333333333333333
main>payments>subpage4>subsubpage_e,MOB,24,2,0.08333333333333333
main>payments>subpage4>subsubpage_f,MOB,474,147,0.310126582278481
main>payments>subpage4>subsubpage_j,MOB,1068,-249,-0.23314606741573032
main>payments>subpage4>subsubpage_l,MOB,66,21,0.3181818181818182
main>payments>subpage4>subsubpage_m,MOB,67,3,0.04477611940298507
main>payments>subpage4>subsubpage_o,MOB,30,5,0.16666666666666666
main>payments>subpage4>subsubpage_p,MOB,169,27,0.15976331360946747
main>payments>subpage4>subsubpage_s,MOB,10,2,0.2
main>payments>subpage4>subsubpage_u,MOB,622,68,0.10932475884244373
main>payments>subpage4>subsubpage_w,MOB,24,1,0.041666666666666664
main>payments>subpage4>subsubpage_x,MOB,14,4,0.2857142857142857
main>payments>subpage4>subsubpage_z,MOB,15,-3,-0.2
main>payments>subpage5>subsubpage_a,MOB,6793,1039,0.15295156779037244
main>payments>subpage5>subsubpage_b,MOB,24,-1,-0.041666666666666664
main>payments>subpage5>subsubpage_i,MOB,44,1,0.022727272727272728
main>payments>subpage5>subsubpage_j,MOB,459,207,0.45098039215686275
main>payments>subpage5>subsubpage_l,MOB,14,2,0.14285714285714285
main>payments>subpage5>subsubpage_m,MOB,633,113,0.17851500789889416
main>payments>subpage5>subsubpage_q,MOB,38,-4,-0.10526315789473684
main>payments>subpage5>subsubpage_s,MOB,992,40,0.04032258064516129
main>payments>subpage6>subsubpage_a,MOB,98,17,0.17346938775510204
main>payments>subpage6>subsubpage_d,MOB,93,19,0.20430107526881722
main>payments>subpage6>subsubpage_f,MOB,49,11,0.22448979591836735
main>payments>subpage6>subsubpage_g,MOB,32,4,0.125
main>payments>subpage6>subsubpage_i,MOB,60,13,0.21666666666666667
main>payments>subpage6>subsubpage_k,MOB,298,65,0.2181208053691275
main>payments>subpage6>subsubpage_p,MOB,213,-26,-0.12206572769953052
main>payments>subpage6>subsubpage_s,MOB,486,75,0.15432098765432098
main>payments>subpage6>subsubpage_t,MOB,15075,3997,0.2651409618573798
main>payments>subpage6>subsubpage_u,MOB,453,108,0.23841059602649006
main>payments>subpage6>subsubpage_v,MOB,86,8,0.09302325581395349
main>payments>subpage6>subsubpage_w,MOB,16715,487,0.029135507029614118
main>payments>subpage6>subsubpage_y,MOB,52,0,0.0
main>payments>subpage6>subsubpage_z,MOB,657,85,0.1293759512937595
main>payments>subpage7>subsubpage_a,MOB,2112,676,0.32007575757575757
main>payments>subpage7>subsubpage_b,MOB,220,-31,-0.1409090909090909
main>payments>subpage7>subsubpage_d,MOB,60,3,0.05
main>payments>subpage7>subsubpage_h,MOB,4401,-92,-0.02090433992274483
main>payments>subpage7>subsubpage_o,MOB,14,3,0.21428571428571427
main>payments>subpage7>subsubpage_p,MOB,35,2,0.05714285714285714
main>payments>subpage7>subsubpage_s,MOB,343,27,0.07871720116618076
main>payments>subpage7>subsubpage_w,MOB,20,2,0.1
main>payments>subpage7>subsubpage_x,MOB,4208,912,0.21673003802281368
main>payments>subpage7>subsubpage_z,MOB,120,10,0.08333333333333333
main>payments>subpage8>subsubpage_a,MOB,48,-14,-0.2916666666666667
main>payments>subpage8>subsubpage_d,MOB,712,165,0.23174157303370788
main>payments>subpage8>subsubpage_e,MOB,78,16,0.20512820512820512
main>payments>subpage8>subsubpage_f,MOB,39,4,0.10256410256410256
main>payments>subpage8>subsubpage_h,MOB,639,-8,-0.012519561815336464
main>payments>subpage8>subsubpage_i,MOB,59,12,0.2033898305084746
main>payments>subpage8>subsubpage_j,MOB,12,2,0.16666666666666666
main>payments>subpage8>subsubpage_k,MOB,29,2,0.06896551724137931
main>payments>subpage8>subsubpage_o,MOB,12,1,0.08333333333333333
main>payments>subpage8>subsubpage_p,MOB,15,0,0.0
main>payments>subpage8>subsubpage_q,MOB,14,1,0.07142857142857142
main>payments>subpage8>subsubpage_r,MOB,859,-70,-0.08149010477299184
main>payments>subpage8>subsubpage_s,MOB,62,13,0.20967741935483872
main>payments>subpage8>subsubpage_t,MOB,184,1,0.005434782608695652
main>payments>subpage8>subsubpage_v,MOB,3570,663,0.18571428571428572
main>payments>subpage8>subsubpage_w,MOB,239,-14,-0.058577405857740586
main>payments>subpage8>subsubpage_x,MOB,92,5,0.05434782608695652
main>payments>subpage8>subsubpage_y,MOB,132,17,0.12878787878787878
main>payments>subpage8>subsubpage_z,MOB,127,-12,-0.09448818897637795
main>payments>subpage9>subsubpage_a,MOB,450,75,0.16666666666666666
main>payments>subpage9>subsubpage_c,MOB,97,9,0.09278350515463918
main>payments>subpage9>subsubpage_e,MOB,30720,-3420,-0.111328125
main>payments>subpage9>subsubpage_f,MOB,43,-1,-0.023255813953488372
main>payments>subpage9>subsubpage_h,MOB,412,99,0.24029126213592233
main>payments>subpage9>subsubpage_n,MOB,42,12,0.2857142857142857
main>payments>subpage9>subsubpage_o,MOB,127,16,0.12598425196850394
main>payments>subpage9>subsubpage_r,MOB,1855,390,0.21024258760107817
main>payments>subpage9>subsubpage_t,MOB,25,4,0.16
main>payments>subpage9>subsubpage_u,MOB,38,7,0.18421052631578946
main>payments>subpage9>subsubpage_v,MOB,53,18,0.33962264150943394
main>payments>subpage9>subsubpage_x,MOB,115,-8,-0.06956521739130435
main>payments>subpage9>subsubpage_z,MOB,5072,1275,0.2513801261829653
main>rewards>subpage10>subsubpage_b,MOB,215,19,0.08837209302325581
main>rewards>subpage10>subsubpage_c,MOB,19,2,0.10526315789473684
main>rewards>subpage10>subsubpage_d,MOB,80,8,0.1
main>rewards>subpage10>subsubpage_f,MOB,6,0,0.0
main>rewards>subpage10>subsubpage_g,MOB,4287,-145,-0.03382318637742011
main>rewards>subpage10>subsubpage_p,MOB,27,4,0.14814814814814814
main>rewards>subpage10>subsubpage_r,MOB,28,11,0.39285714285714285
main>rewards>subpage10>subsubpage_s,MOB,170,24,0.1411764705882353
main>rewards>subpage10>subsubpage_w,MOB,10,1,0.1
main>rewards>subpage10>subsubpage_x,MOB,92,4,0.043478260869565216
main>rewards>subpage1>subsubpage_a,MOB,390,51,0.13076923076923078
main>rewards>subpage1>subsubpage_b,MOB,180,39,0.21666666666666667
main>rewards>subpage1>subsubpage_d,MOB,6139,579,0.09431503502199055
main>rewards>subpage1>subsubpage_e,MOB,145,11,0.07586206896551724
main>rewards>subpage1>subsubpage_f,MOB,681,143,0.20998531571218795
main>rewards>subpage1>subsubpage_g,MOB,36,0,0.0
main>rewards>subpage1>subsubpage_n,MOB,171,32,0.1871345029239766
main>rewards>subpage1>subsubpage_p,MOB,7981,2179,0.2730234306477885
main>rewards>subpage1>subsubpage_q,MOB,3109,1100,0.3538115149565777
main>rewards>subpage1>subsubpage_r,MOB,91,12,0.13186813186813187
main>rewards>subpage1>subsubpage_s,MOB,250,88,0.352
main>rewards>subpage1>subsubpage_t,MOB,38,11,0.2894736842105263
main>rewards>subpage1>subsubpage_u,MOB,119,0,0.0
main>rewards>subpage1>subsubpage_w,MOB,60,-1,-0.016666666666666666
main>rewards>subpage1>subsubpage_y,MOB,1099,114,0.10373066424021839
main>rewards>subpage1>subsubpage_z,MOB,1027,312,0.3037974683544304
main>rewards>subpage2>subsubpage_a,MOB,654,91,0.13914373088685014
main>rewards>subpage2>subsubpage_c,MOB,632,37,0.058544303797468354
main>rewards>subpage2>subsubpage_d,MOB,16,6,0.375
main>rewards>subpage2>subsubpage_f,MOB,37,7,0.1891891891891892
main>rewards>subpage2>subsubpage_h,MOB,69,-13,-0.18840579710144928
main>rewards>subpage2>subsubpage_i,MOB,336,66,0.19642857142857142
main>rewards>subpage2>subsubpage_o,MOB,938,214,0.2281449893390192
main>rewards>subpage2>subsubpage_s,MOB,762,140,0.1837270341207349
main>rewards>subpage2>subsubpage_t,MOB,418,91,0.21770334928229665
main>rewards>subpage2>subsubpage_v,MOB,330,46,0.1393939393939394
main>rewards>subpage2>subsubpage_x,MOB,37,-1,-0.02702702702702703
main>rewards>subpage2>subsubpage_y,MOB,20,1,0.05
main>rewards>subpage2>subsubpage_z,MOB,18,0,0.0
main>rewards>subpage3>subsubpage_c,MOB,1891,19,0.010047593865679535
main>rewards>subpage3>subsubpage_e,MOB,190,-7,-0.03684210526315789
main>rewards>subpage3>subsubpage_g,MOB,39,8,0.20512820512820512
main>rewards>subpage3>subsubpage_n,MOB,87,14,0.16091954022988506
main>rewards>subpage3>subsubpage_p,MOB,209,17,0.08133971291866028
main>rewards>subpage3>subsubpage_s,MOB,171,9,0.05263157894736842
main>rewards>subpage3>subsubpage_t,MOB,17,2,0.11764705882352941
main>rewards>subpage3>subsubpage_v,MOB,28,8,0.2857142857142857
main>rewards>subpage3>subsubpage_w,MOB,20,-3,-0.15
main>rewards>subpage4>subsubpage_b,MOB,28,5,0.17857142857142858
main>rewards>subpage4>subsubpage_c,MOB,64,4,0.0625
main>rewards>subpage4>subsubpage_d,MOB,1051,-139,-0.13225499524262607
main>rewards>subpage4>subsubpage_f,MOB,131,-18,-0.13740458015267176
main>rewards>subpage4>subsubpage_k,MOB,100,1,0.01
main>rewards>subpage4>subsubpage_n,MOB,52,9,0.17307692307692307
main>rewards>subpage4>subsubpage_p,MOB,126,26,0.20634920634920634
main>rewards>subpage4>subsubpage_s,MOB,7177,65,0.009056708931308347
main>rewards>subpage4>subsubpage_t,MOB,2973,899,0.30238816010763536
main>rewards>subpage4>subsubpage_v,MOB,29432,10697,0.3634479478119054
main>rewards>subpage4>subsubpage_w,MOB,208,43,0.20673076923076922
main>rewards>subpage5>subsubpage_f,MOB,224,13,0.05803571428571429
main>rewards>subpage5>subsubpage_g,MOB,1237,394,0.3185125303152789
main>rewards>subpage5>subsubpage_i,MOB,12,3,0.25
main>rewards>subpage5>subsubpage_k,MOB,22,6,0.2727272727272727
main>rewards>subpage5>subsubpage_s,MOB,354,18,0.05084745762711865
main>rewards>subpage5>subsubpage_t,MOB,289,-79,-0.27335640138408307
main>rewards>subpage5>subsubpage_u,MOB,335,157,0.46865671641791046
main>rewards>subpage5>subsubpage_x,MOB,88,-8,-0.09090909090909091
main>rewards>subpage6>subsubpage_a,MOB,213,30,0.14084507042253522
main>rewards>subpage6>subsubpage_d,MOB,14,7,0.5
main>rewards>subpage6>subsubpage_e,MOB,82,16,0.1951219512195122
main>rewards>subpage6>subsubpage_j,MOB,99,29,0.29292929292929293
main>rewards>subpage6>subsubpage_k,MOB,34,-2,-0.058823529411764705
main>rewards>subpage6>subsubpage_l,MOB,113,-13,-0.11504424778761062
main>rewards>subpage6>subsubpage_m,MOB,322,22,0.06832298136645963
main>rewards>subpage6>subsubpage_n,MOB,88,27,0.3068181818181818
main>rewards>subpage6>subsubpage_o,MOB,28,2,0.07142857142857142
main>rewards>subpage6>subsubpage_q,MOB,1713,52,0.030356100408639813
main>rewards>subpage6>subsubpage_s,MOB,15,2,0.13333333333333333
main>rewards>subpage6>subsubpage_v,MOB,52,16,0.3076923076923077
main>rewards>subpage6>subsubpage_w,MOB,418,-27,-0.0645933014354067
main>rewards>subpage6>subsubpage_x,MOB,40,-1,-0.025
main>rewards>subpage6>subsubpage_y,MOB,117,3,0.02564102564102564
main>rewards>subpage6>subsubpage_z,MOB,457,143,0.31291028446389496
main>rewards>subpage7>subsubpage_b,MOB,383,71,0.185378590078329
main>rewards>subpage7>subsubpage_f,MOB,773,363,0.46959896507115134
main>rewards>subpage7>subsubpage_h,MOB,17,5,0.29411764705882354
main>rewards>subpage7>subsubpage_j,MOB,1535,222,0.14462540716612377
main>rewards>subpage7>subsubpage_n,MOB,344,117,0.34011627906976744
main>rewards>subpage7>subsubpage_p,MOB,9873,1794,0.18170768763293832
main>rewards>subpage7>subsubpage_s,MOB,19,0,0.0
main>rewards>subpage7>subsubpage_v,MOB,83,21,0.25301204819277107
main>rewards>subpage7>subsubpage_w,MOB,164,7,0.042682926829268296
main>rewards>subpage7>subsubpage_x,MOB,196,20,0.10204081632653061
main>rewards>subpage8>subsubpage_a,MOB,3487,1217,0.34901061084026386
main>rewards>subpage8>subsubpage_c,MOB,85,11,0.12941176470588237
main>rewards>subpage8>subsubpage_i,MOB,63,1,0.015873015873015872
main>rewards>subpage8>subsubpage_l,MOB,21,1,0.047619047619047616
main>rewards>subpage8>subsubpage_n,MOB,23,7,0.30434782608695654
main>rewards>subpage8>subsubpage_o,MOB,13,0,0.0
main>rewards>subpage8>subsubpage_p,MOB,3320,305,0.09186746987951808
main>rewards>subpage8>subsubpage_r,MOB,151,11,0.0728476821192053
main>rewards>subpage8>subsubpage_s,MOB,2922,519,0.17761806981519507
main>rewards>subpage8>subsubpage_t,MOB,28,2,0.07142857142857142
main>rewards>subpage8>subsubpage_u,MOB,219,-19,-0.0867579908675799
main>rewards>subpage8>subsubpage_z,MOB,20,0,0.0
main>rewards>subpage9>subsubpage_b,MOB,38,0,0.0
main>rewards>subpage9>subsubpage_d,MOB,541,182,0.3364140480591497
main>rewards>subpage9>subsubpage_e,MOB,106,28,0.2641509433962264
main>rewards>subpage9>subsubpage_g,MOB,7422,1767,0.23807599029911075
main>rewards>subpage9>subsubpage_h,MOB,562,41,0.07295373665480427
main>rewards>subpage9>subsubpage_k,MOB,31,0,0.0
main>rewards>subpage9>subsubpage_m,MOB,132,9,0.06818181818181818
main>rewards>subpage9>subsubpage_n,MOB,326,-2,-0.006134969325153374
main>rewards>subpage9>subsubpage_o,MOB,32,16,0.5
main>rewards>subpage9>subsubpage_r,MOB,25,-4,-0.16
main>rewards>subpage9>subsubpage_s,MOB,63,14,0.2222222222222222
main>rewards>subpage9>subsubpage_w,MOB,521,-22,-0.04222648752399232
main>rewards>subpage9>subsubpage_x,MOB,73,9,0.1232876712328767
main>rewards>subpage9>subsubpage_y,MOB,322,0,0.0
main>account>subpage10>subsubpage_c,OLB,205,-5,-0.024390243902439025
main>account>subpage10>subsubpage_e,OLB,4,0,0.0
main>account>subpage10>subsubpage_h,OLB,24,10,0.4166666666666667
main>account>subpage10>subsubpage_m,OLB,26,3,0.11538461538461539
main>account>subpage10>subsubpage_o,OLB,51,1,0.0196078431372549
main>account>subpage10>subsubpage_p,OLB,47,11,0.23404255319148937
main>account>subpage10>subsubpage_q,OLB,245,37,0.1510204081632653
main>account>subpage10>subsubpage_r,OLB,68,17,0.25
main>account>subpage10>subsubpage_s,OLB,89,-11,-0.12359550561797752
main>account>subpage10>subsubpage_v,OLB,136,26,0.19117647058823528
main>account>subpage10>subsubpage_x,OLB,62,16,0.25806451612903225
main>account>subpage10>subsubpage_y,OLB,15091,-1497,-0.09919819760121927
main>account>subpage10>subsubpage_z,OLB,225,48,0.21333333333333335
main>account>subpage1>subsubpage_a,OLB,977,395,0.40429887410440124
main>account>subpage1>subsubpage_b,OLB,144,21,0.14583333333333334
main>account>subpage1>subsubpage_c,OLB,103,28,0.27184466019417475
main>account>subpage1>subsubpage_d,OLB,661,165,0.24962178517397882
main>account>subpage1>subsubpage_g,OLB,363,15,0.04132231404958678
main>account>subpage1>subsubpage_h,OLB,36,5,0.1388888888888889
main>account>subpage1>subsubpage_i,OLB,229,-19,-0.08296943231441048
main>account>subpage1>subsubpage_j,OLB,121,10,0.08264462809917356
main>account>subpage1>subsubpage_l,OLB,699,132,0.1888412017167382
main>account>subpage1>subsubpage_o,OLB,20,5,0.25
main>account>subpage1>subsubpage_p,OLB,598,92,0.15384615384615385
main>account>subpage1>subsubpage_q,OLB,175,45,0.2571428571428571
main>account>subpage1>subsubpage_r,OLB,50,0,0.0
main>account>subpage1>subsubpage_w,OLB,16,2,0.125
main>account>subpage1>subsubpage_x,OLB,78,11,0.14102564102564102
main>account>subpage1>subsubpage_y,OLB,8,3,0.375
main>account>subpage2>subsubpage_a,OLB,128,15,0.1171875
main>account>subpage2>subsubpage_c,OLB,790,59,0.07468354430379746
main>account>subpage2>subsubpage_d,OLB,73,11,0.1506849315068493
main>account>subpage2>subsubpage_e,OLB,53348,647,0.012127914823423559
main>account>subpage2>subsubpage_h,OLB,5337,955,0.17893947910811317
main>account>subpage2>subsubpage_j,OLB,651,62,0.09523809523809523
main>account>subpage2>subsubpage_l,OLB,837,-99,-0.11827956989247312
main>account>subpage2>subsubpage_m,OLB,63,9,0.14285714285714285
main>account>subpage2>subsubpage_r,OLB,114,11,0.09649122807017543
main>account>subpage2>subsubpage_s,OLB,124,-11,-0.08870967741935484
main>account>subpage2>subsubpage_v,OLB,86,12,0.13953488372093023
main>account>subpage2>subsubpage_w,OLB,123,46,0.37398373983739835
main>account>subpage2>subsubpage_z,OLB,15,3,0.2
main>account>subpage3>subsubpage_c,OLB,58,14,0.2413793103448276
main>account>subpage3>subsubpage_d,OLB,27,-1,-0.037037037037037035
main>account>subpage3>subsubpage_g,OLB,54,12,0.2222222222222222
main>account>subpage3>subsubpage_h,OLB,777,133,0.17117117117117117
main>account>subpage3>subsubpage_l,OLB,79,18,0.22784810126582278
main>account>subpage3>subsubpage_n,OLB,713,152,0.2131837307152875
main>account>subpage3>subsubpage_o,OLB,26,-1,-0.038461538461538464
main>account>subpage3>subsubpage_q,OLB,30,4,0.13333333333333333
main>account>subpage3>subsubpage_r,OLB,40,1,0.025
main>account>subpage3>subsubpage_s,OLB,1918,273,0.14233576642335766
main>account>subpage3>subsubpage_v,OLB,73,1,0.0136986301369863
main>account>subpage3>subsubpage_x,OLB,423,146,0.34515366430260047
main>account>subpage3>subsubpage_y,OLB,518,10,0.019305019305019305
main>account>subpage4>subsubpage_c,OLB,678,10,0.014749262536873156
main>account>subpage4>subsubpage_e,OLB,19,3,0.15789473684210525
main>account>subpage4>subsubpage_g,OLB,21,0,0.0
main>account>subpage4>subsubpage_i,OLB,23,2,0.08695652173913043
main>account>subpage4>subsubpage_k,OLB,22,0,0.0
main>account>subpage4>subsubpage_l,OLB,408,147,0.3602941176470588
main>account>subpage4>subsubpage_m,OLB,82,21,0.25609756097560976
main>account>subpage4>subsubpage_o,OLB,59,8,0.13559322033898305
main>account>subpage4>subsubpage_p,OLB,100,9,0.09
main>account>subpage4>subsubpage_r,OLB,87,25,0.28735632183908044
main>account>subpage4>subsubpage_s,OLB,105,22,0.20952380952380953
main>account>subpage4>subsubpage_w,OLB,2277,511,0.22441809398331136
main>account>subpage4>subsubpage_x,OLB,131,19,0.1450381679389313
main>account>subpage4>subsubpage_y,OLB,2082,-214,-0.10278578290105668
main>account>subpage5>subsubpage_a,OLB,9,1,0.1111111111111111
main>account>subpage5>subsubpage_b,OLB,28,1,0.03571428571428571
main>account>subpage5>subsubpage_d,OLB,12,3,0.25
main>account>subpage5>subsubpage_h,OLB,22,6,0.2727272727272727
main>account>subpage5>subsubpage_i,OLB,317,16,0.050473186119873815
main>account>subpage5>subsubpage_j,OLB,46,10,0.21739130434782608
main>account>subpage5>subsubpage_m,OLB,17,7,0.4117647058823529
main>account>subpage5>subsubpage_o,OLB,83,4,0.04819277108433735
main>account>subpage5>subsubpage_s,OLB,64,26,0.40625
main>account>subpage5>subsubpage_t,OLB,579,12,0.02072538860103627
main>account>subpage5>subsubpage_u,OLB,222,34,0.15315315315315314
main>account>subpage5>subsubpage_w,OLB,75,11,0.14666666666666667
main>account>subpage5>subsubpage_y,OLB,40,6,0.15
main>account>subpage5>subsubpage_z,OLB,22,0,0.0
main>account>subpage6>subsubpage_a,OLB,721,44,0.06102635228848821
main>account>subpage6>subsubpage_b,OLB,144,7,0.04861111111111111
main>account>subpage6>subsubpage_f,OLB,55,11,0.2
main>account>subpage6>subsubpage_g,OLB,155,30,0.1935483870967742
main>account>subpage6>subsubpage_k,OLB,1013,490,0.4837117472852912
main>account>subpage6>subsubpage_l,OLB,75,26,0.3466666666666667
main>account>subpage6>subsubpage_o,OLB,40,2,0.05
main>account>subpage6>subsubpage_q,OLB,962,191,0.19854469854469856
main>account>subpage6>subsubpage_s,OLB,202,60,0.297029702970297
main>account>subpage6>subsubpage_t,OLB,106,16,0.1509433962264151
main>account>subpage6>subsubpage_u,OLB,253,35,0.1383399209486166
main>account>subpage6>subsubpage_v,OLB,22,3,0.13636363636363635
main>account>subpage6>subsubpage_w,OLB,17,5,0.29411764705882354
main>account>subpage6>subsubpage_y,OLB,30,0,0.0
main>account>subpage6>subsubpage_z,OLB,412,41,0.09951456310679611
main>account>subpage7>subsubpage_a,OLB,823,181,0.21992709599027946
main>account>subpage7>subsubpage_f,OLB,251,49,0.1952191235059761
main>account>subpage7>subsubpage_g,OLB,127,23,0.18110236220472442
main>account>subpage7>subsubpage_h,OLB,4998,472,0.09443777511004402
main>account>subpage7>subsubpage_m,OLB,1061,314,0.29594721960414705
main>account>subpage7>subsubpage_p,OLB,287,135,0.47038327526132406
main>account>subpage7>subsubpage_s,OLB,2957,623,0.21068650659452148
main>account>subpage7>subsubpage_t,OLB,45,5,0.1111111111111111
main>account>subpage7>subsubpage_w,OLB,28,7,0.25
main>account>subpage7>subsubpage_y,OLB,502,34,0.06772908366533864
main>account>subpage8>subsubpage_b,OLB,228,8,0.03508771929824561
main>account>subpage8>subsubpage_c,OLB,16,2,0.125
main>account>subpage8>subsubpage_d,OLB,14,-3,-0.21428571428571427
main>account>subpage8>subsubpage_e,OLB,55,-1,-0.01818181818181818
main>account>subpage8>subsubpage_f,OLB,104,10,0.09615384615384616
main>account>subpage8>subsubpage_g,OLB,84,-4,-0.047619047619047616
main>account>subpage8>subsubpage_h,OLB,804,-3,-0.0037313432835820895
main>account>subpage8>subsubpage_o,OLB,192,16,0.08333333333333333
main>account>subpage8>subsubpage_p,OLB,62,-5,-0.08064516129032258
main>account>subpage8>subsubpage_r,OLB,469,41,0.08742004264392324
main>account>subpage8>subsubpage_t,OLB,20,1,0.05
main>account>subpage8>subsubpage_u,OLB,61,9,0.14754098360655737
main>account>subpage8>subsubpage_v,OLB,130,42,0.3230769230769231
main>account>subpage8>subsubpage_w,OLB,53,9,0.16981132075471697
main>account>subpage8>subsubpage_y,OLB,10,1,0.1
main>account>subpage9>subsubpage_c,OLB,46,7,0.15217391304347827
main>account>subpage9>subsubpage_g,OLB,168,31,0.18452380952380953
main>account>subpage9>subsubpage_i,OLB,28,0,0.0
main>account>subpage9>subsubpage_j,OLB,159,21,0.1320754716981132
main>account>subpage9>subsubpage_l,OLB,44,8,0.18181818181818182
main>account>subpage9>subsubpage_p,OLB,77,-4,-0.05194805194805195
main>account>subpage9>subsubpage_s,OLB,41,11,0.2682926829268293
main>account>subpage9>subsubpage_u,OLB,110,34,0.3090909090909091
main>account>subpage9>subsubpage_y,OLB,11,0,0.0
main>credit>subpage10>subsubpage_d,OLB,273,31,0.11355311355311355
main>credit>subpage10>subsubpage_g,OLB,344,6,0.01744186046511628
main>credit>subpage10>subsubpage_h,OLB,24,6,0.25
main>credit>subpage10>subsubpage_j,OLB,95,0,0.0
main>credit>subpage10>subsubpage_n,OLB,36,4,0.1111111111111111
main>credit>subpage10>subsubpage_o,OLB,62,1,0.016129032258064516
main>credit>subpage10>subsubpage_q,OLB,20,3,0.15
main>credit>subpage10>subsubpage_r,OLB,53,-6,-0.11320754716981132
main>credit>subpage10>subsubpage_u,OLB,140,48,0.34285714285714286
main>credit>subpage1>subsubpage_d,OLB,26,0,0.0
main>credit>subpage1>subsubpage_g,OLB,175,27,0.15428571428571428
main>credit>subpage1>subsubpage_i,OLB,12,1,0.08333333333333333
main>credit>subpage1>subsubpage_l,OLB,5876,209,0.035568413886997954
main>credit>subpage1>subsubpage_p,OLB,404,6,0.01485148514851485
main>credit>subpage1>subsubpage_s,OLB,5,1,0.2
main>credit>subpage1>subsubpage_t,OLB,132,9,0.06818181818181818
main>credit>subpage1>subsubpage_u,OLB,8,1,0.125
main>credit>subpage1>subsubpage_v,OLB,8758,260,0.0296871431833752
main>credit>subpage1>subsubpage_w,OLB,77,4,0.05194805194805195
main>credit>subpage1>subsubpage_x,OLB,205,45,0.21951219512195122
main>credit>subpage1>subsubpage_z,OLB,495,143,0.28888888888888886
main>credit>subpage2>subsubpage_c,OLB,186,23,0.12365591397849462
main>credit>subpage2>subsubpage_j,OLB,17,-1,-0.058823529411764705
main>credit>subpage2>subsubpage_k,OLB,23,10,0.43478260869565216
main>credit>subpage2>subsubpage_n,OLB,37,0,0.0
main>credit>subpage2>subsubpage_o,OLB,65,-5,-0.07692307692307693
main>credit>subpage2>subsubpage_p,OLB,10,5,0.5
main>credit>subpage2>subsubpage_q,OLB,303,27,0.0891089108910891
main>credit>subpage2>subsubpage_r,OLB,2142,-148,-0.06909430438842204
main>credit>subpage2>subsubpage_s,OLB,53,2,0.03773584905660377
main>credit>subpage2>subsubpage_u,OLB,24564,5038,0.2050968897573685
main>credit>subpage2>subsubpage_v,OLB,74,13,0.17567567567567569
main>credit>subpage2>subsubpage_y,OLB,186,4,0.021505376344086023
main>credit>subpage2>subsubpage_z,OLB,47,19,0.40425531914893614
main>credit>subpage3>subsubpage_a,OLB,71,5,0.07042253521126761
main>credit>subpage3>subsubpage_c,OLB,1539,-42,-0.02729044834307992
main>credit>subpage3>subsubpage_f,OLB,136,40,0.29411764705882354
main>credit>subpage3>subsubpage_g,OLB,48,16,0.3333333333333333
main>credit>subpage3>subsubpage_h,OLB,67,1,0.014925373134328358
main>credit>subpage3>subsubpage_k,OLB,23,-1,-0.043478260869565216
main>credit>subpage3>subsubpage_o,OLB,818,249,0.30440097799511
main>credit>subpage3>subsubpage_q,OLB,6186,-971,-0.15696734561914
main>credit>subpage3>subsubpage_s,OLB,2024,-68,-0.03359683794466403
main>credit>subpage3>subsubpage_u,OLB,347,102,0.29394812680115273
main>credit>subpage4>subsubpage_a,OLB,479,67,0.13987473903966596
main>credit>subpage4>subsubpage_b,OLB,1121,123,0.10972346119536129
main>credit>subpage4>subsubpage_e,OLB,546,110,0.20146520146520147
main>credit>subpage4>subsubpage_h,OLB,43,5,0.11627906976744186
main>credit>subpage4>subsubpage_j,OLB,717,-32,-0.044630404463040445
main>credit>subpage4>subsubpage_k,OLB,5,1,0.2
main>credit>subpage4>subsubpage_m,OLB,50,17,0.34
main>credit>subpage4>subsubpage_n,OLB,8,1,0.125
main>credit>subpage4>subsubpage_p,OLB,35,5,0.14285714285714285
main>credit>subpage4>subsubpage_q,OLB,201,101,0.5024875621890548
main>credit>subpage4>subsubpage_r,OLB,11,1,0.09090909090909091
main>credit>subpage4>subsubpage_s,OLB,21,2,0.09523809523809523
main>credit>subpage4>subsubpage_t,OLB,1499,306,0.20413609072715144
main>credit>subpage4>subsubpage_u,OLB,380,141,0.37105263157894736
main>credit>subpage4>subsubpage_x,OLB,6,2,0.3333333333333333
main>credit>subpage4>subsubpage_z,OLB,19,2,0.10526315789473684
main>credit>subpage5>subsubpage_b,OLB,38,7,0.18421052631578946
main>credit>subpage5>subsubpage_e,OLB,130,-7,-0.05384615384615385
main>credit>subpage5>subsubpage_g,OLB,77,8,0.1038961038961039
main>credit>subpage5>subsubpage_j,OLB,43,1,0.023255813953488372
main>credit>subpage5>subsubpage_m,OLB,88,0,0.0
main>credit>subpage5>subsubpage_o,OLB,515,207,0.40194174757281553
main>credit>subpage5>subsubpage_p,OLB,102,3,0.029411764705882353
main>credit>subpage5>subsubpage_q,OLB,68,4,0.058823529411764705
main>credit>subpage5>subsubpage_r,OLB,15,3,0.2
main>credit>subpage5>subsubpage_s,OLB,23,7,0.30434782608695654
main>credit>subpage5>subsubpage_t,OLB,353,78,0.22096317280453256
main>credit>subpage5>subsubpage_u,OLB,43,24,0.5581395348837209
main>credit>subpage5>subsubpage_v,OLB,65,9,0.13846153846153847
main>credit>subpage5>subsubpage_y,OLB,16,3,0.1875
main>credit>subpage6>subsubpage_a,OLB,56,10,0.17857142857142858
main>credit>subpage6>subsubpage_e,OLB,36,13,0.3611111111111111
main>credit>subpage6>subsubpage_h,OLB,619,140,0.22617124394184168
main>credit>subpage6>subsubpage_j,OLB,17,2,0.11764705882352941
main>credit>subpage6>subsubpage_k,OLB,941,7,0.007438894792773645
main>credit>subpage6>subsubpage_l,OLB,424,79,0.18632075471698112
main>credit>subpage6>subsubpage_n,OLB,627,226,0.36044657097288674
main>credit>subpage6>subsubpage_o,OLB,125,11,0.088
main>credit>subpage6>subsubpage_s,OLB,91,20,0.21978021978021978
main>credit>subpage6>subsubpage_v,OLB,356,66,0.1853932584269663
main>credit>subpage6>subsubpage_x,OLB,325,91,0.28
main>credit>subpage6>subsubpage_z,OLB,22,0,0.0
main>credit>subpage7>subsubpage_d,OLB,33,17,0.5151515151515151
main>credit>subpage7>subsubpage_e,OLB,126,-5,-0.03968253968253968
main>credit>subpage7>subsubpage_g,OLB,25,2,0.08
main>credit>subpage7>subsubpage_h,OLB,394,114,0.2893401015228426
main>credit>subpage7>subsubpage_i,OLB,114,22,0.19298245614035087
main>credit>subpage7>subsubpage_j,OLB,31,8,0.25806451612903225
main>credit>subpage7>subsubpage_m,OLB,31,2,0.06451612903225806
main>credit>subpage7>subsubpage_n,OLB,732,101,0.13797814207650272
main>credit>subpage7>subsubpage_o,OLB,16,2,0.125
main>credit>subpage7>subsubpage_p,OLB,329,127,0.3860182370820669
main>credit>subpage7>subsubpage_s,OLB,26,6,0.23076923076923078
main>credit>subpage7>subsubpage_u,OLB,115,31,0.26956521739130435
main>credit>subpage7>subsubpage_v,OLB,3924,201,0.05122324159021407
main>credit>subpage7>subsubpage_w,OLB,631,186,0.294770206022187
main>credit>subpage7>subsubpage_x,OLB,106,19,0.1792452830188679
main>credit>subpage7>subsubpage_y,OLB,28,10,0.35714285714285715
main>credit>subpage8>subsubpage_a,OLB,16,7,0.4375
main>credit>subpage8>subsubpage_d,OLB,63,6,0.09523809523809523
main>credit>subpage8>subsubpage_f,OLB,609,54,0.08866995073891626
main>credit>subpage8>subsubpage_h,OLB,40,0,0.0
main>credit>subpage8>subsubpage_j,OLB,512,65,0.126953125
main>credit>subpage8>subsubpage_o,OLB,43,4,0.09302325581395349
main>credit>subpage8>subsubpage_q,OLB,152,31,0.20394736842105263
main>credit>subpage8>subsubpage_x,OLB,51,6,0.11764705882352941
main>credit>subpage9>subsubpage_c,OLB,7,0,0.0
main>credit>subpage9>subsubpage_f,OLB,8,2,0.25
main>credit>subpage9>subsubpage_g,OLB,5845,54,0.009238665526090676
main>credit>subpage9>subsubpage_k,OLB,165,35,0.21212121212121213
main>credit>subpage9>subsubpage_m,OLB,60,5,0.08333333333333333
main>credit>subpage9>subsubpage_p,OLB,5144,1330,0.25855365474339037
main>credit>subpage9>subsubpage_q,OLB,489,175,0.35787321063394684
main>credit>subpage9>subsubpage_s,OLB,123,12,0.0975609756097561
main>credit>subpage9>subsubpage_t,OLB,1698,367,0.21613663133097763
main>credit>subpage9>subsubpage_v,OLB,3767,666,0.17679851340589328
main>credit>subpage9>subsubpage_y,OLB,49,1,0.02040816326530612
main>credit>subpage9>subsubpage_z,OLB,39,7,0.1794871794871795
main>disputes>subpage10>subsubpage_f,OLB,450,87,0.19333333333333333
main>disputes>subpage10>subsubpage_h,OLB,30,6,0.2
main>disputes>subpage10>subsubpage_l,OLB,319,38,0.11912225705329153
main>disputes>subpage10>subsubpage_n,OLB,919,150,0.1632208922742111
main>disputes>subpage10>subsubpage_r,OLB,12,0,0.0
main>disputes>subpage10>subsubpage_t,OLB,406,39,0.0960591133004926
main>disputes>subpage10>subsubpage_u,OLB,18720,4369,0.23338675213675214
main>disputes>subpage10>subsubpage_w,OLB,500,142,0.284
main>disputes>subpage10>subsubpage_x,OLB,66,5,0.07575757575757576
main>disputes>subpage10>subsubpage_y,OLB,10,1,0.1
main>disputes>subpage10>subsubpage_z,OLB,8473,1560,0.18411424524961642
main>disputes>subpage1>subsubpage_b,OLB,144,25,0.1736111111111111
main>disputes>subpage1>subsubpage_e,OLB,649,150,0.23112480739599384
main>disputes>subpage1>subsubpage_f,OLB,20,-2,-0.1
main>disputes>subpage1>subsubpage_g,OLB,71,10,0.14084507042253522
main>disputes>subpage1>subsubpage_h,OLB,13,2,0.15384615384615385
main>disputes>subpage1>subsubpage_k,OLB,18,0,0.0
main>disputes>subpage1>subsubpage_l,OLB,30,12,0.4
main>disputes>subpage1>subsubpage_n,OLB,144,25,0.1736111111111111
main>disputes>subpage1>subsubpage_o,OLB,48,18,0.375
main>disputes>subpage1>subsubpage_t,OLB,14957,470,0.03142341378618707
main>disputes>subpage1>subsubpage_u,OLB,36,0,0.0
main>disputes>subpage1>subsubpage_v,OLB,44,8,0.18181818181818182
main>disputes>subpage1>subsubpage_w,OLB,12,-1,-0.08333333333333333
main>disputes>subpage2>subsubpage_a,OLB,88,16,0.18181818181818182
main>disputes>subpage2>subsubpage_d,OLB,4766,784,0.16449853126311373
main>disputes>subpage2>subsubpage_e,OLB,120,36,0.3
main>disputes>subpage2>subsubpage_h,OLB,18,4,0.2222222222222222
main>disputes>subpage2>subsubpage_k,OLB,20,1,0.05
main>disputes>subpage2>subsubpage_l,OLB,21,0,0.0
main>disputes>subpage2>subsubpage_m,OLB,31,12,0.3870967741935484
main>disputes>subpage2>subsubpage_n,OLB,3371,105,0.031148027291604864
main>disputes>subpage2>subsubpage_o,OLB,76,0,0.0
main>disputes>subpage2>subsubpage_p,OLB,16,0,0.0
main>disputes>subpage2>subsubpage_q,OLB,33,10,0.30303030303030304
main>disputes>subpage2>subsubpage_r,OLB,252,18,0.07142857142857142
main>disputes>subpage2>subsubpage_v,OLB,318,11,0.03459119496855346
main>disputes>subpage2>subsubpage_w,OLB,5282,901,0.1705793260128739
main>disputes>subpage3>subsubpage_a,OLB,641,76,0.11856474258970359
main>disputes>subpage3>subsubpage_d,OLB,26,1,0.038461538461538464
main>disputes>subpage3>subsubpage_e,OLB,77,20,0.2597402597402597
main>disputes>subpage3>subsubpage_g,OLB,239,74,0.30962343096234307
main>disputes>subpage3>subsubpage_h,OLB,24,7,0.2916666666666667
main>disputes>subpage3>subsubpage_i,OLB,42,11,0.2619047619047619
main>disputes>subpage3>subsubpage_k,OLB,32665,6872,0.21037808051431195
main>disputes>subpage3>subsubpage_l,OLB,298,-34,-0.11409395973154363
main>disputes>subpage3>subsubpage_m,OLB,98,39,0.3979591836734694
main>disputes>subpage3>subsubpage_n,OLB,606,118,0.19471947194719472
main>disputes>subpage3>subsubpage_s,OLB,17149,4136,0.241180243745991
main>disputes>subpage3>subsubpage_t,OLB,174,55,0.3160919540229885
main>disputes>subpage4>subsubpage_a,OLB,987,360,0.364741641337386
main>disputes>subpage4>subsubpage_c,OLB,270,57,0.2111111111111111
main>disputes>subpage4>subsubpage_d,OLB,1234,265,0.21474878444084278
main>disputes>subpage4>subsubpage_g,OLB,174,10,0.05747126436781609
main>disputes>subpage4>subsubpage_h,OLB,538,83,0.15427509293680297
main>disputes>subpage4>subsubpage_i,OLB,849,18,0.02120141342756184
main>disputes>subpage4>subsubpage_j,OLB,1778,74,0.04161979752530934
main>disputes>subpage4>subsubpage_k,OLB,16,0,0.0
main>disputes>subpage4>subsubpage_l,OLB,23,3,0.13043478260869565
main>disputes>subpage4>subsubpage_q,OLB,145,44,0.30344827586206896
main>disputes>subpage4>subsubpage_r,OLB,4039,2527,0.6256499133448874
main>disputes>subpage4>subsubpage_t,OLB,587,104,0.17717206132879046
main>disputes>subpage4>subsubpage_v,OLB,51,-2,-0.0392156862745098
main>disputes>subpage4>subsubpage_x,OLB,175,59,0.33714285714285713
main>disputes>subpage4>subsubpage_z,OLB,626,65,0.10383386581469649
main>disputes>subpage5>subsubpage_b,OLB,445,22,0.04943820224719101
main>disputes>subpage5>subsubpage_f,OLB,425,77,0.1811764705882353
main>disputes>subpage5>subsubpage_h,OLB,12,0,0.0
main>disputes>subpage5>subsubpage_j,OLB,585,107,0.1829059829059829
main>disputes>subpage5>subsubpage_l,OLB,2485,339,0.13641851106639838
main>disputes>subpage5>subsubpage_m,OLB,2438,401,0.16447908121410992
main>disputes>subpage5>subsubpage_n,OLB,53,11,0.20754716981132076
main>disputes>subpage5>subsubpage_o,OLB,130,20,0.15384615384615385
main>disputes>subpage5>subsubpage_q,OLB,2094,319,0.15234001910219674
main>disputes>subpage5>subsubpage_s,OLB,350,67,0.19142857142857142
main>disputes>subpage5>subsubpage_v,OLB,64,13,0.203125
main>disputes>subpage5>subsubpage_w,OLB,27,0,0.0
main>disputes>subpage5>subsubpage_y,OLB,42,-2,-0.047619047619047616
main>disputes>subpage6>subsubpage_b,OLB,47,6,0.1276595744680851
main>disputes>subpage6>subsubpage_c,OLB,40,-2,-0.05
main>disputes>subpage6>subsubpage_h,OLB,189,30,0.15873015873015872
main>disputes>subpage6>subsubpage_j,OLB,27,8,0.2962962962962963
main>disputes>subpage6>subsubpage_k,OLB,8,2,0.25
main>disputes>subpage6>subsubpage_l,OLB,52,0,0.0
main>disputes>subpage6>subsubpage_p,OLB,16,0,0.0
main>disputes>subpage6>subsubpage_q,OLB,178,35,0.19662921348314608
main>disputes>subpage6>subsubpage_r,OLB,68,6,0.08823529411764706
main>disputes>subpage6>subsubpage_v,OLB,1062,108,0.1016949152542373
main>disputes>subpage6>subsubpage_y,OLB,129,31,0.24031007751937986
main>disputes>subpage6>subsubpage_z,OLB,36,0,0.0
main>disputes>subpage7>subsubpage_a,OLB,58,5,0.08620689655172414
main>disputes>subpage7>subsubpage_i,OLB,123,3,0.024390243902439025
main>disputes>subpage7>subsubpage_k,OLB,29,0,0.0
main>disputes>subpage7>subsubpage_l,OLB,15,0,0.0
main>disputes>subpage7>subsubpage_p,OLB,796,200,0.25125628140703515
main>disputes>subpage7>subsubpage_s,OLB,80,12,0.15
main>disputes>subpage7>subsubpage_u,OLB,24844,450,0.018113025277733053
main>disputes>subpage7>subsubpage_v,OLB,992,114,0.11491935483870967
main>disputes>subpage7>subsubpage_y,OLB,1665,-159,-0.09549549549549549
main>disputes>subpage8>subsubpage_b,OLB,124,4,0.03225806451612903
main>disputes>subpage8>subsubpage_d,OLB,16,7,0.4375
main>disputes>subpage8>subsubpage_e,OLB,71,9,0.1267605633802817
main>disputes>subpage8>subsubpage_g,OLB,108,28,0.25925925925925924
main>disputes>subpage8>subsubpage_r,OLB,192,27,0.140625
main>disputes>subpage8>subsubpage_s,OLB,28,5,0.17857142857142858
main>disputes>subpage8>subsubpage_w,OLB,4,1,0.25
main>disputes>subpage8>subsubpage_x,OLB,452,-7,-0.015486725663716814
main>disputes>subpage9>subsubpage_a,OLB,1273,185,0.1453260015710919
main>disputes>subpage9>subsubpage_g,OLB,24,9,0.375
main>disputes>subpage9>subsubpage_h,OLB,10,0,0.0
main>disputes>subpage9>subsubpage_i,OLB,129,8,0.06201550387596899
main>disputes>subpage9>subsubpage_j,OLB,803,83,0.10336239103362391
main>disputes>subpage9>subsubpage_m,OLB,63,12,0.19047619047619047
main>disputes>subpage9>subsubpage_s,OLB,8928,2042,0.22871863799283154
main>disputes>subpage9>subsubpage_t,OLB,169,57,0.33727810650887574
main>disputes>subpage9>subsubpage_v,OLB,13,3,0.23076923076923078
main>disputes>subpage9>subsubpage_z,OLB,584,82,0.1404109589041096
main>it>subpage10>subsubpage_c,OLB,309,104,0.3365695792880259
main>it>subpage10>subsubpage_h,OLB,42,10,0.23809523809523808
main>it>subpage10>subsubpage_i,OLB,14,-1,-0.07142857142857142
main>it>subpage10>subsubpage_j,OLB,251,133,0.5298804780876494
main>it>subpage10>subsubpage_o,OLB,2085,866,0.415347721822542
main>it>subpage10>subsubpage_p,OLB,714,89,0.12464985994397759
main>it>subpage10>subsubpage_u,OLB,87,18,0.20689655172413793
main>it>subpage10>subsubpage_v,OLB,56,19,0.3392857142857143
main>it>subpage10>subsubpage_w,OLB,30,3,0.1
main>it>subpage10>subsubpage_x,OLB,38,9,0.23684210526315788
main>it>subpage10>subsubpage_y,OLB,737,232,0.3147896879240163
main>it>subpage10>subsubpage_z,OLB,79,0,0.0
main>it>subpage1>subsubpage_a,OLB,22,1,0.045454545454545456
main>it>subpage1>subsubpage_b,OLB,7338,2114,0.2880893976560371
main>it>subpage1>subsubpage_d,OLB,33,7,0.21212121212121213
main>it>subpage1>subsubpage_i,OLB,83,24,0.2891566265060241
main>it>subpage1>subsubpage_j,OLB,88,11,0.125
main>it>subpage1>subsubpage_o,OLB,16,1,0.0625
main>it>subpage1>subsubpage_p,OLB,41,-6,-0.14634146341463414
main>it>subpage1>subsubpage_q,OLB,19,0,0.0
main>it>subpage1>subsubpage_r,OLB,74,11,0.14864864864864866
main>it>subpage1>subsubpage_t,OLB,60,16,0.26666666666666666
main>it>subpage1>subsubpage_u,OLB,34,8,0.23529411764705882
main>it>subpage1>subsubpage_v,OLB,195,25,0.1282051282051282
main>it>subpage1>subsubpage_y,OLB,460,50,0.10869565217391304
main>it>subpage2>subsubpage_a,OLB,70,12,0.17142857142857143
main>it>subpage2>subsubpage_e,OLB,40,6,0.15
main>it>subpage2>subsubpage_h,OLB,956,344,0.3598326359832636
main>it>subpage2>subsubpage_i,OLB,80,13,0.1625
main>it>subpage2>subsubpage_j,OLB,66,-4,-0.06060606060606061
main>it>subpage2>subsubpage_k,OLB,7017,-286,-0.04075815875730369
main>it>subpage2>subsubpage_l,OLB,108,40,0.37037037037037035
main>it>subpage2>subsubpage_m,OLB,36,0,0.0
main>it>subpage2>subsubpage_s,OLB,8613,2279,0.26460002322071285
main>it>subpage2>subsubpage_t,OLB,187,20,0.10695187165775401
main>it>subpage2>subsubpage_u,OLB,20,2,0.1
main>it>subpage2>subsubpage_v,OLB,65,8,0.12307692307692308
main>it>subpage2>subsubpage_w,OLB,225,75,0.3333333333333333
main>it>subpage2>subsubpage_y,OLB,412,49,0.11893203883495146
main>it>subpage2>subsubpage_z,OLB,363,52,0.14325068870523416
main>it>subpage3>subsubpage_a,OLB,20,-1,-0.05
main>it>subpage3>subsubpage_c,OLB,171,31,0.18128654970760233
main>it>subpage3>subsubpage_e,OLB,21,4,0.19047619047619047
main>it>subpage3>subsubpage_f,OLB,37,6,0.16216216216216217
main>it>subpage3>subsubpage_h,OLB,1079,388,0.35959221501390176
main>it>subpage3>subsubpage_m,OLB,1760,278,0.15795454545454546
main>it>subpage3>subsubpage_o,OLB,16,3,0.1875
main>it>subpage3>subsubpage_p,OLB,14,5,0.35714285714285715
main>it>subpage3>subsubpage_r,OLB,1165,-96,-0.08240343347639485
main>it>subpage3>subsubpage_w,OLB,29,2,0.06896551724137931
main>it>subpage4>subsubpage_a,OLB,58,21,0.3620689655172414
main>it>subpage4>subsubpage_f,OLB,35,10,0.2857142857142857
main>it>subpage4>subsubpage_g,OLB,53,13,0.24528301886792453
main>it>subpage4>subsubpage_h,OLB,17,4,0.23529411764705882
main>it>subpage4>subsubpage_i,OLB,33,6,0.18181818181818182
main>it>subpage4>subsubpage_j,OLB,275,108,0.3927272727272727
main>it>subpage4>subsubpage_k,OLB,117,24,0.20512820512820512
main>it>subpage4>subsubpage_l,OLB,21,3,0.14285714285714285
main>it>subpage4>subsubpage_m,OLB,1301,226,0.17371252882398155
main>it>subpage4>subsubpage_o,OLB,217,38,0.17511520737327188
main>it>subpage4>subsubpage_q,OLB,113,-2,-0.017699115044247787
main>it>subpage4>subsubpage_w,OLB,15,4,0.26666666666666666
main>it>subpage5>subsubpage_a,OLB,333,43,0.12912912912912913
main>it>subpage5>subsubpage_c,OLB,16,7,0.4375
main>it>subpage5>subsubpage_e,OLB,818,113,0.13814180929095354
main>it>subpage5>subsubpage_m,OLB,29,6,0.20689655172413793
main>it>subpage5>subsubpage_n,OLB,1681,314,0.1867935752528257
main>it>subpage5>subsubpage_o,OLB,12,0,0.0
main>it>subpage5>subsubpage_t,OLB,147,44,0.29931972789115646
main>it>subpage5>subsubpage_z,OLB,21,9,0.42857142857142855
main>it>subpage6>subsubpage_c,OLB,16756,2476,0.14776796371449033
main>it>subpage6>subsubpage_d,OLB,150,15,0.1
main>it>subpage6>subsubpage_e,OLB,1636,158,0.09657701711491443
main>it>subpage6>subsubpage_f,OLB,25,-3,-0.12
main>it>subpage6>subsubpage_g,OLB,1535,189,0.12312703583061889
main>it>subpage6>subsubpage_h,OLB,30,5,0.16666666666666666
main>it>subpage6>subsubpage_j,OLB,300,92,0.30666666666666664
main>it>subpage6>subsubpage_k,OLB,170,50,0.29411764705882354
main>it>subpage6>subsubpage_l,OLB,216,18,0.08333333333333333
main>it>subpage6>subsubpage_m,OLB,75,8,0.10666666666666667
main>it>subpage6>subsubpage_s,OLB,1535,489,0.31856677524429966
main>it>subpage6>subsubpage_w,OLB,16,2,0.125
main>it>subpage6>subsubpage_x,OLB,35,2,0.05714285714285714
main>it>subpage6>subsubpage_z,OLB,365,131,0.3589041095890411
main>it>subpage7>subsubpage_a,OLB,952,291,0.30567226890756305
main>it>subpage7>subsubpage_b,OLB,16,2,0.125
main>it>subpage7>subsubpage_c,OLB,75,4,0.05333333333333334
main>it>subpage7>subsubpage_e,OLB,107,-16,-0.14953271028037382
main>it>subpage7>subsubpage_f,OLB,65,15,0.23076923076923078
main>it>subpage7>subsubpage_h,OLB,492,7,0.014227642276422764
main>it>subpage7>subsubpage_i,OLB,61,-8,-0.13114754098360656
main>it>subpage7>subsubpage_k,OLB,3297,1278,0.38762511373976344
main>it>subpage7>subsubpage_n,OLB,49,12,0.24489795918367346
main>it>subpage7>subsubpage_o,OLB,55,-1,-0.01818181818181818
main>it>subpage7>subsubpage_p,OLB,12,0,0.0
main>it>subpage8>subsubpage_e,OLB,196,55,0.28061224489795916
main>it>subpage8>subsubpage_f,OLB,224,4,0.017857142857142856
main>it>subpage8>subsubpage_g,OLB,16,5,0.3125
main>it>subpage8>subsubpage_h,OLB,37,9,0.24324324324324326
main>it>subpage8>subsubpage_j,OLB,1544,356,0.23056994818652848
main>it>subpage8>subsubpage_l,OLB,124,26,0.20967741935483872
main>it>subpage8>subsubpage_n,OLB,1701,304,0.17871840094062316
main>it>subpage8>subsubpage_r,OLB,4554,1284,0.28194993412384717
main>it>subpage8>subsubpage_t,OLB,15,1,0.06666666666666667
main>it>subpage8>subsubpage_y,OLB,19,3,0.15789473684210525
main>it>subpage8>subsubpage_z,OLB,99,26,0.26262626262626265
main>it>subpage9>subsubpage_c,OLB,23,5,0.21739130434782608
main>it>subpage9>subsubpage_d,OLB,7,0,0.0
main>it>subpage9>subsubpage_i,OLB,55,4,0.07272727272727272
main>it>subpage9>subsubpage_k,OLB,108,20,0.18518518518518517
main>it>subpage9>subsubpage_o,OLB,65,5,0.07692307692307693
main>it>subpage9>subsubpage_r,OLB,75,31,0.41333333333333333
main>it>subpage9>subsubpage_t,OLB,992,90,0.0907258064516129
main>it>subpage9>subsubpage_w,OLB,40,5,0.125
main>it>subpage9>subsubpage_x,OLB,90,23,0.25555555555555554
main>it>subpage9>subsubpage_z,OLB,20,3,0.15
main>payments>subpage10>subsubpage_a,OLB,46,5,0.10869565217391304
main>payments>subpage10>subsubpage_c,OLB,7,0,0.0
main>payments>subpage10>subsubpage_d,OLB,1139,222,0.19490781387181738
main>payments>subpage10>subsubpage_e,OLB,1025,313,0.3053658536585366
main>payments>subpage10>subsubpage_f,OLB,147,32,0.21768707482993196
main>payments>subpage10>subsubpage_g,OLB,80,2,0.025
main>payments>subpage10>subsubpage_i,OLB,24,10,0.4166666666666667
main>payments>subpage10>subsubpage_j,OLB,1159,-77,-0.06643658326143227
main>payments>subpage10>subsubpage_m,OLB,34379,-3004,-0.08737892317984816
main>payments>subpage10>subsubpage_n,OLB,542,159,0.2933579335793358
main>payments>subpage10>subsubpage_o,OLB,42,7,0.16666666666666666
main>payments>subpage10>subsubpage_q,OLB,34,2,0.058823529411764705
main>payments>subpage10>subsubpage_r,OLB,26,0,0.0
main>payments>subpage10>subsubpage_s,OLB,4205,2094,0.4979785969084423
main>payments>subpage10>subsubpage_u,OLB,97,16,0.16494845360824742
main>payments>subpage10>subsubpage_w,OLB,518,119,0.22972972972972974
main>payments>subpage10>subsubpage_x,OLB,941,186,0.19766206163655686
main>payments>subpage1>subsubpage_a,OLB,6692,1440,0.21518230723251644
main>payments>subpage1>subsubpage_b,OLB,405,93,0.22962962962962963
main>payments>subpage1>subsubpage_c,OLB,398,103,0.25879396984924624
main>payments>subpage1>subsubpage_d,OLB,6029,565,0.09371371703433405
main>payments>subpage1>subsubpage_e,OLB,62,6,0.0967741935483871
main>payments>subpage1>subsubpage_g,OLB,88,-9,-0.10227272727272728
main>payments>subpage1>subsubpage_h,OLB,43,1,0.023255813953488372
main>payments>subpage1>subsubpage_m,OLB,9,1,0.1111111111111111
main>payments>subpage1>subsubpage_t,OLB,410,126,0.3073170731707317
main>payments>subpage2>subsubpage_a,OLB,1551,372,0.23984526112185686
main>payments>subpage2>subsubpage_b,OLB,12,1,0.08333333333333333
main>payments>subpage2>subsubpage_c,OLB,38,-1,-0.02631578947368421
main>payments>subpage2>subsubpage_f,OLB,963,-256,-0.26583592938733125
main>payments>subpage2>subsubpage_g,OLB,34,11,0.3235294117647059
main>payments>subpage2>subsubpage_h,OLB,2921,180,0.06162273194111605
main>payments>subpage2>subsubpage_i,OLB,26,2,0.07692307692307693
main>payments>subpage2>subsubpage_o,OLB,191,32,0.16753926701570682
main>payments>subpage2>subsubpage_p,OLB,1457,-88,-0.060398078242964996
main>payments>subpage2>subsubpage_s,OLB,18,1,0.05555555555555555
main>payments>subpage2>subsubpage_w,OLB,414,187,0.45169082125603865
main>payments>subpage2>subsubpage_x,OLB,1272,287,0.22562893081761007
main>payments>subpage2>subsubpage_y,OLB,7806,1591,0.2038175762234179
main>payments>subpage2>subsubpage_z,OLB,4186,-365,-0.08719541328236981
main>payments>subpage3>subsubpage_c,OLB,40,19,0.475
main>payments>subpage3>subsubpage_d,OLB,33,-2,-0.06060606060606061
main>payments>subpage3>subsubpage_f,OLB,1740,762,0.4379310344827586
main>payments>subpage3>subsubpage_g,OLB,228,-38,-0.16666666666666666
main>payments>subpage3>subsubpage_h,OLB,224,81,0.36160714285714285
main>payments>subpage3>subsubpage_j,OLB,159,62,0.389937106918239
main>payments>subpage3>subsubpage_m,OLB,33,0,0.0
main>payments>subpage3>subsubpage_n,OLB,9,2,0.2222222222222222
main>payments>subpage3>subsubpage_o,OLB,48,11,0.22916666666666666
main>payments>subpage3>subsubpage_p,OLB,16,0,0.0
main>payments>subpage3>subsubpage_q,OLB,29,-1,-0.034482758620689655
main>payments>subpage3>subsubpage_s,OLB,83,-3,-0.03614457831325301
main>payments>subpage3>subsubpage_t,OLB,166,38,0.2289156626506024
main>payments>subpage3>subsubpage_u,OLB,7,1,0.14285714285714285
main>payments>subpage3>subsubpage_w,OLB,21,1,0.047619047619047616
main>payments>subpage3>subsubpage_x,OLB,36,10,0.2777777777777778
main>payments>subpage4>subsubpage_b,OLB,7,1,0.14285714285714285
main>payments>subpage4>subsubpage_d,OLB,23,0,0.0
main>payments>subpage4>subsubpage_e,OLB,95,-2,-0.021052631578947368
main>payments>subpage4>subsubpage_f,OLB,48,11,0.22916666666666666
main>payments>subpage4>subsubpage_j,OLB,133,9,0.06766917293233082
main>payments>subpage4>subsubpage_l,OLB,479,79,0.1649269311064718
main>payments>subpage4>subsubpage_m,OLB,269,104,0.38661710037174724
main>payments>subpage4>subsubpage_o,OLB,109,24,0.22018348623853212
main>payments>subpage4>subsubpage_p,OLB,87,1,0.011494252873563218
main>payments>subpage4>subsubpage_s,OLB,46,8,0.17391304347826086
main>payments>subpage4>subsubpage_u,OLB,701,4,0.005706134094151213
main>payments>subpage4>subsubpage_w,OLB,8,3,0.375
main>payments>subpage4>subsubpage_x,OLB,36,2,0.05555555555555555
main>payments>subpage4>subsubpage_z,OLB,21655,3921,0.18106672823828215
main>payments>subpage5>subsubpage_a,OLB,62,12,0.1935483870967742
main>payments>subpage5>subsubpage_b,OLB,80,13,0.1625
main>payments>subpage5>subsubpage_i,OLB,65,-9,-0.13846153846153847
main>payments>subpage5>subsubpage_j,OLB,28,-1,-0.03571428571428571
main>payments>subpage5>subsubpage_l,OLB,192,15,0.078125
main>payments>subpage5>subsubpage_m,OLB,18,3,0.16666666666666666
main>payments>subpage5>subsubpage_q,OLB,55,7,0.12727272727272726
main>payments>subpage5>subsubpage_s,OLB,26,0,0.0
main>payments>subpage6>subsubpage_a,OLB,108,-5,-0.046296296296296294
main>payments>subpage6>subsubpage_d,OLB,159,14,0.0880503144654088
main>payments>subpage6>subsubpage_f,OLB,22,1,0.045454545454545456
main>payments>subpage6>subsubpage_g,OLB,103,23,0.22330097087378642
main>payments>subpage6>subsubpage_i,OLB,74,7,0.0945945945945946
main>payments>subpage6>subsubpage_k,OLB,2877,691,0.24018074383037888
main>payments>subpage6>subsubpage_p,OLB,44,2,0.045454545454545456
main>payments>subpage6>subsubpage_s,OLB,24,2,0.08333333333333333
main>payments>subpage6>subsubpage_t,OLB,153,15,0.09803921568627451
main>payments>subpage6>subsubpage_u,OLB,10,0,0.0
main>payments>subpage6>subsubpage_v,OLB,188,45,0.2393617021276596
main>payments>subpage6>subsubpage_w,OLB,158,4,0.02531645569620253
main>payments>subpage6>subsubpage_y,OLB,30,2,0.06666666666666667
main>payments>subpage6>subsubpage_z,OLB,107,15,0.14018691588785046
main>payments>subpage7>subsubpage_a,OLB,520,-23,-0.04423076923076923
main>payments>subpage7>subsubpage_b,OLB,38,3,0.07894736842105263
main>payments>subpage7>subsubpage_d,OLB,360,15,0.041666666666666664
main>payments>subpage7>subsubpage_h,OLB,12,1,0.08333333333333333
main>payments>subpage7>subsubpage_o,OLB,64,9,0.140625
main>payments>subpage7>subsubpage_p,OLB,171,5,0.029239766081871343
main>payments>subpage7>subsubpage_s,OLB,16,1,0.0625
main>payments>subpage7>subsubpage_w,OLB,2031,703,0.3461349089118661
main>payments>subpage7>subsubpage_x,OLB,2058,300,0.1457725947521866
main>payments>subpage7>subsubpage_z,OLB,12747,4101,0.32172275829606967
main>payments>subpage8>subsubpage_a,OLB,268,54,0.20149253731343283
main>payments>subpage8>subsubpage_d,OLB,40,10,0.25
main>payments>subpage8>subsubpage_e,OLB,354,11,0.031073446327683617
main>payments>subpage8>subsubpage_f,OLB,573,94,0.16404886561954624
main>payments>subpage8>subsubpage_h,OLB,14,2,0.14285714285714285
main>payments>subpage8>subsubpage_i,OLB,10,0,0.0
main>payments>subpage8>subsubpage_j,OLB,148,3,0.02027027027027027
main>payments>subpage8>subsubpage_k,OLB,586,-43,-0.07337883959044368
main>payments>subpage8>subsubpage_o,OLB,11,4,0.36363636363636365
main>payments>subpage8>subsubpage_p,OLB,9,0,0.0
main>payments>subpage8>subsubpage_q,OLB,23,8,0.34782608695652173
main>payments>subpage8>subsubpage_r,OLB,208,16,0.07692307692307693
main>payments>subpage8>subsubpage_s,OLB,19,0,0.0
main>payments>subpage8>subsubpage_t,OLB,152,37,0.24342105263157895
main>payments>subpage8>subsubpage_v,OLB,83,4,0.04819277108433735
main>payments>subpage8>subsubpage_w,OLB,48,11,0.22916666666666666
main>payments>subpage8>subsubpage_x,OLB,1252,125,0.09984025559105432
main>payments>subpage8>subsubpage_y,OLB,38,8,0.21052631578947367
main>payments>subpage8>subsubpage_z,OLB,22,0,0.0
main>payments>subpage9>subsubpage_a,OLB,646,177,0.2739938080495356
main>payments>subpage9>subsubpage_c,OLB,10884,2429,0.22317162807791252
main>payments>subpage9>subsubpage_e,OLB,143,1,0.006993006993006993
main>payments>subpage9>subsubpage_f,OLB,24,13,0.5416666666666666
main>payments>subpage9>subsubpage_h,OLB,445,102,0.2292134831460674
main>payments>subpage9>subsubpage_n,OLB,13900,6860,0.4935251798561151
main>payments>subpage9>subsubpage_o,OLB,19,7,0.3684210526315789
main>payments>subpage9>subsubpage_r,OLB,49,5,0.10204081632653061
main>payments>subpage9>subsubpage_t,OLB,26,2,0.07692307692307693
main>payments>subpage9>subsubpage_u,OLB,271,24,0.08856088560885608
main>payments>subpage9>subsubpage_v,OLB,3981,-495,-0.12434061793519216
main>payments>subpage9>subsubpage_x,OLB,306,13,0.042483660130718956
main>payments>subpage9>subsubpage_z,OLB,672,125,0.18601190476190477
main>rewards>subpage10>subsubpage_b,OLB,168,63,0.375
main>rewards>subpage10>subsubpage_c,OLB,516,17,0.03294573643410853
main>rewards>subpage10>subsubpage_d,OLB,77,21,0.2727272727272727
main>rewards>subpage10>subsubpage_f,OLB,313,-11,-0.03514376996805112
main>rewards>subpage10>subsubpage_g,OLB,54,3,0.05555555555555555
main>rewards>subpage10>subsubpage_p,OLB,60,4,0.06666666666666667
main>rewards>subpage10>subsubpage_r,OLB,321,66,0.205607476635514
main>rewards>subpage10>subsubpage_s,OLB,26,5,0.19230769230769232
main>rewards>subpage10>subsubpage_w,OLB,11195,3295,0.2943278249218401
main>rewards>subpage10>subsubpage_x,OLB,277,73,0.26353790613718414
main>rewards>subpage1>subsubpage_a,OLB,61,11,0.18032786885245902
main>rewards>subpage1>subsubpage_b,OLB,181,37,0.20441988950276244
main>rewards>subpage1>subsubpage_d,OLB,2565,996,0.3883040935672515
main>rewards>subpage1>subsubpage_e,OLB,38,2,0.05263157894736842
main>rewards>subpage1>subsubpage_f,OLB,18,4,0.2222222222222222
main>rewards>subpage1>subsubpage_g,OLB,28,-3,-0.10714285714285714
main>rewards>subpage1>subsubpage_n,OLB,3798,804,0.21169036334913113
main>rewards>subpage1>subsubpage_p,OLB,1448,112,0.07734806629834254
main>rewards>subpage1>subsubpage_q,OLB,23,3,0.13043478260869565
main>rewards>subpage1>subsubpage_r,OLB,98,30,0.30612244897959184
main>rewards>subpage1>subsubpage_s,OLB,145,25,0.1724137931034483
main>rewards>subpage1>subsubpage_t,OLB,4578,1294,0.28265618173875057
main>rewards>subpage1>subsubpage_u,OLB,12,4,0.3333333333333333
main>rewards>subpage1>subsubpage_w,OLB,33,6,0.18181818181818182
main>rewards>subpage1>subsubpage_y,OLB,17,5,0.29411764705882354
main>rewards>subpage1>subsubpage_z,OLB,35,3,0.08571428571428572
main>rewards>subpage2>subsubpage_a,OLB,134,20,0.14925373134328357
main>rewards>subpage2>subsubpage_c,OLB,13,0,0.0
main>rewards>subpage2>subsubpage_d,OLB,25,7,0.28
main>rewards>subpage2>subsubpage_f,OLB,887,188,0.21195039458850057
main>rewards>subpage2>subsubpage_h,OLB,195,14,0.07179487179487179
main>rewards>subpage2>subsubpage_i,OLB,145,25,0.1724137931034483
main>rewards>subpage2>subsubpage_o,OLB,69,21,0.30434782608695654
main>rewards>subpage2>subsubpage_s,OLB,60,8,0.13333333333333333
main>rewards>subpage2>subsubpage_t,OLB,91,0,0.0
main>rewards>subpage2>subsubpage_v,OLB,87,14,0.16091954022988506
main>rewards>subpage2>subsubpage_x,OLB,128,-18,-0.140625
main>rewards>subpage2>subsubpage_y,OLB,42,11,0.2619047619047619
main>rewards>subpage2>subsubpage_z,OLB,1729,150,0.08675534991324466
main>rewards>subpage3>subsubpage_c,OLB,6,0,0.0
main>rewards>subpage3>subsubpage_e,OLB,60,17,0.2833333333333333
main>rewards>subpage3>subsubpage_g,OLB,11,0,0.0
main>rewards>subpage3>subsubpage_n,OLB,77,34,0.44155844155844154
main>rewards>subpage3>subsubpage_p,OLB,38,2,0.05263157894736842
main>rewards>subpage3>subsubpage_s,OLB,17,1,0.058823529411764705
main>rewards>subpage3>subsubpage_t,OLB,59,18,0.3050847457627119
main>rewards>subpage3>subsubpage_v,OLB,23,6,0.2608695652173913
main>rewards>subpage3>subsubpage_w,OLB,14,7,0.5
main>rewards>subpage4>subsubpage_b,OLB,9,1,0.1111111111111111
main>rewards>subpage4>subsubpage_c,OLB,157,20,0.12738853503184713
main>rewards>subpage4>subsubpage_d,OLB,3551,-255,-0.07181075753308927
main>rewards>subpage4>subsubpage_f,OLB,134,13,0.09701492537313433
main>rewards>subpage4>subsubpage_k,OLB,24,1,0.041666666666666664
main>rewards>subpage4>subsubpage_n,OLB,271,22,0.08118081180811808
main>rewards>subpage4>subsubpage_p,OLB,185,-20,-0.10810810810810811
main>rewards>subpage4>subsubpage_s,OLB,95,37,0.3894736842105263
main>rewards>subpage4>subsubpage_t,OLB,353,-22,-0.06232294617563739
main>rewards>subpage4>subsubpage_v,OLB,44,-12,-0.2727272727272727
main>rewards>subpage4>subsubpage_w,OLB,123,-3,-0.024390243902439025
main>rewards>subpage5>subsubpage_f,OLB,1477,87,0.05890318212593094
main>rewards>subpage5>subsubpage_g,OLB,24,0,0.0
main>rewards>subpage5>subsubpage_i,OLB,45,14,0.3111111111111111
main>rewards>subpage5>subsubpage_k,OLB,477,61,0.1278825995807128
main>rewards>subpage5>subsubpage_s,OLB,12,1,0.08333333333333333
main>rewards>subpage5>subsubpage_t,OLB,521,126,0.2418426103646833
main>rewards>subpage5>subsubpage_u,OLB,24,4,0.16666666666666666
main>rewards>subpage5>subsubpage_x,OLB,20,6,0.3
main>rewards>subpage6>subsubpage_a,OLB,877,-14,-0.01596351197263398
main>rewards>subpage6>subsubpage_d,OLB,3744,254,0.06784188034188034
main>rewards>subpage6>subsubpage_e,OLB,23,5,0.21739130434782608
main>rewards>subpage6>subsubpage_j,OLB,1222,-281,-0.22995090016366612
main>rewards>subpage6>subsubpage_k,OLB,2220,-124,-0.055855855855855854
main>rewards>subpage6>subsubpage_l,OLB,2312,520,0.22491349480968859
main>rewards>subpage6>subsubpage_m,OLB,268,20,0.07462686567164178
main>rewards>subpage6>subsubpage_n,OLB,7,2,0.2857142857142857
main>rewards>subpage6>subsubpage_o,OLB,701,190,0.2710413694721826
main>rewards>subpage6>subsubpage_q,OLB,44,-1,-0.022727272727272728
main>rewards>subpage6>subsubpage_s,OLB,69,14,0.2028985507246377
main>rewards>subpage6>subsubpage_v,OLB,24,7,0.2916666666666667
main>rewards>subpage6>subsubpage_w,OLB,15270,2628,0.17210216110019647
main>rewards>subpage6>subsubpage_x,OLB,446,1,0.002242152466367713
main>rewards>subpage6>subsubpage_y,OLB,246,69,0.2804878048780488
main>rewards>subpage6>subsubpage_z,OLB,600,147,0.245
main>rewards>subpage7>subsubpage_b,OLB,78,18,0.23076923076923078
main>rewards>subpage7>subsubpage_f,OLB,20,5,0.25
main>rewards>subpage7>subsubpage_h,OLB,6,-1,-0.16666666666666666
main>rewards>subpage7>subsubpage_j,OLB,271,76,0.28044280442804426
main>rewards>subpage7>subsubpage_n,OLB,2873,1210,0.42116254785938045
main>rewards>subpage7>subsubpage_p,OLB,7,1,0.14285714285714285
main>rewards>subpage7>subsubpage_s,OLB,33,5,0.15151515151515152
main>rewards>subpage7>subsubpage_v,OLB,41,10,0.24390243902439024
main>rewards>subpage7>subsubpage_w,OLB,4338,870,0.20055325034578148
main>rewards>subpage7>subsubpage_x,OLB,48,12,0.25
main>rewards>subpage8>subsubpage_a,OLB,321,48,0.14953271028037382
main>rewards>subpage8>subsubpage_c,OLB,18,0,0.0
main>rewards>subpage8>subsubpage_i,OLB,142,0,0.0
main>rewards>subpage8>subsubpage_l,OLB,224,0,0.0
main>rewards>subpage8>subsubpage_n,OLB,135,-7,-0.05185185185185185
main>rewards>subpage8>subsubpage_o,OLB,152,-1,-0.006578947368421052
main>rewards>subpage8>subsubpage_p,OLB,2262,937,0.41423519009725907
main>rewards>subpage8>subsubpage_r,OLB,48481,12756,0.2631133846249046
main>rewards>subpage8>subsubpage_s,OLB,584,32,0.0547945205479452
main>rewards>subpage8>subsubpage_t,OLB,27,2,0.07407407407407407
main>rewards>subpage8>subsubpage_u,OLB,251,41,0.16334661354581673
main>rewards>subpage8>subsubpage_z,OLB,9,0,0.0
main>rewards>subpage9>subsubpage_b,OLB,322,51,0.15838509316770186
main>rewards>subpage9>subsubpage_d,OLB,617,164,0.26580226904376014
main>rewards>subpage9>subsubpage_e,OLB,19439,2811,0.1446062040228407
main>rewards>subpage9>subsubpage_g,OLB,16,3,0.1875
main>rewards>subpage9>subsubpage_h,OLB,45,12,0.26666666666666666
main>rewards>subpage9>subsubpage_k,OLB,268,29,0.10820895522388059
main>rewards>subpage9>subsubpage_m,OLB,210,40,0.19047619047619047
main>rewards>subpage9>subsubpage_n,OLB,124,12,0.0967741935483871
main>rewards>subpage9>subsubpage_o,OLB,102,14,0.13725490196078433
main>rewards>subpage9>subsubpage_r,OLB,78,7,0.08974358974358974
main>rewards>subpage9>subsubpage_s,OLB,67,4,0.05970149253731343
main>rewards>subpage9>subsubpage_w,OLB,1307,230,0.17597551644988524
main>rewards>subpage9>subsubpage_x,OLB,49,11,0.22448979591836735
main>rewards>subpage9>subsubpage_y,OLB,20,3,0.15
